省份,城市,区域,院校名称,建校时间,隶属于,国家重点学科,硕士点,博士点,重点实验室,占地面积(亩),院校类型,办学类型,办学性质,电子邮箱,地址,官方网址,官方电话,中文文献数,985工程,211工程,双一流,强基
安徽,合肥市,蜀山区,安徽农业大学,1928,安徽省,1,17,8,1,3150,农林类,普通本科,公办,zsb@ahau.edu.cn,安徽省合肥市长江西路130号,http://www.ahau.edu.cn,"0551-65786603,0551-65786135",138,,,,
上海,上海市,杨浦区,同济大学,1907,教育部,18,45,33,18,3825,综合类,普通本科,公办,tjzsb@tongji.edu.cn,上海市四平路1239号,http://www.tongji.edu.cn,"021-65982643,021-65981513",456,是,是,是,是
上海,上海市,宝山区,上海大学,1922,上海市,8,43,24,1,3000,综合类,普通本科,公办,info@shu.edu.cn,宝山校区：上海市宝山区上大路99号;延长校区：上海市静安区延长路149号,http://www.shu.edu.cn/,021-66134148,321,,是,是,
安徽,合肥市,蜀山区,安徽大学,1928,安徽省,4,32,15,2,3200,综合类,普通本科,公办,zsb@ahu.edu.cn,合肥市经济技术开发区九龙路111号;合肥市蜀山区肥西路3号,http://www.ahu.edu.cn/,"0551-63861666,0551-63861777",266,,是,是,
安徽,合肥市,蜀山区,安徽医科大学,1926,安徽省,1,13,4,4,2086,医药类,普通本科,公办,ahmuzsb@ahmu.edu.cn,梅山路校区：安徽省合肥市梅山路81号;翡翠路校区：安徽省合肥市经济开发区翡翠路15号,http://www.ahmu.edu.cn/,0551-65167746,114,,,,
江苏,无锡市,滨湖区,江南大学,1902,教育部,2,29,7,3,3250,综合类,普通本科,公办,zhshb@jiangnan.edu.cn,江苏省无锡市蠡湖大道1800号,https://www.jiangnan.edu.cn/,0510-85915666,399,,是,是,
安徽,合肥市,庐阳区,合肥工业大学,1945,教育部,6,38,16,2,5000,理工类,普通本科,公办,hfutzb@hfut.edu.cn,安徽省合肥市屯溪路193号,http://www.hfut.edu.cn/,"0551-62902397,0551-62902327",231,,是,是,
安徽,合肥市,包河区,中国科学技术大学,1958,中国科学院,18,7,28,5,2175,理工类,普通本科,公办,zsb@ustc.edu.cn,安徽省合肥市金寨路96号,https://www.ustc.edu.cn/,"0551-63602553,0551-63602563",407,是,是,是,是
安徽,马鞍山市,雨山区,安徽工业大学,1958,安徽省,0,17,2,0,2550,理工类,普通本科,公办,agdzsb@ahut.edu.cn,佳山校区：安徽省马鞍山市花山区湖东路59号;秀山校区：安徽省马鞍山市马向路新城东区,http://www.ahut.edu.cn/,"0555-2315270,0555-2315272,0555-2315351",82,,,,
安徽,淮南市,山南新区,安徽理工大学,1945,安徽省,0,21,6,0,3200,理工类,普通本科,公办,webmaster@aust.edu.cn,安徽省淮南市泰丰大街168号,http://www.aust.edu.cn/,"0554-6668487,0554-6632810",169,,,,
江苏,南京市,秦淮区,南京航空航天大学,1952,工业和信息化部,6,33,17,4,2077,理工类,普通本科,公办,zsb@nuaa.edu.cn,明故宫校区：江苏省南京市秦淮区御道街29号;将军路校区：南京市江宁区将军大道29号,http://www.nuaa.edu.cn/,025-84892899,302,,是,是,
上海,上海市,黄浦区,上海交通大学医学院,1896,教育部,0,56,6,0,0,医药类,普通本科,公办,zsb@sjtu.edu.cn,上海市重庆南路227号,https://www.shsmu.edu.cn/,021-63846590-776118,107,,,,
江苏,南京市,玄武区,东南大学,1902,教育部,15,48,34,3,5888,综合类,普通本科,公办,zhaoban@seu.edu.cn,南京市江宁区东南大学路2号,http://www.seu.edu.cn/,"400-6910286,025-52090271",348,是,是,是,是
江苏,南京市,鼓楼区,南京大学,1902,教育部,36,4,40,20,5532,综合类,普通本科,公办,bkzs@nju.edu.cn,仙林校区地址：江苏省南京市仙林大道163号;鼓楼校区地址：江苏省南京市汉口路22号,https://www.nju.edu.cn/,400-185-9680,367,是,是,是,是
江苏,南京市,玄武区,南京理工大学,1953,工业和信息化部,9,17,18,1,4315,理工类,普通本科,公办,,江苏省南京市孝陵卫200号,http://www.njust.edu.cn/,"400-110-2882,025-84432546",307,,是,是,
江苏,南京市,栖霞区,南京师范大学,1902,江苏省,14,40,25,2,3269,师范类,普通本科,公办,,南京市栖霞区文苑路1号,http://www.njnu.edu.cn/,025-83720759,317,,是,是,
浙江,杭州市,西湖区,浙江大学,1897,教育部,56,62,59,28,9335,综合类,普通本科,公办,zsc@zju.edu.cn,浙江省杭州市西湖区余杭塘路388号,http://www.zju.edu.cn/,"0571-87951006,0571-88981979",437,是,是,是,是
江苏,南京市,鼓楼区,中国药科大学,1936,教育部,1,7,3,1,2100,医药类,普通本科,公办,zhaoban@cpu.edu.cn,江苏省南京市鼓楼区中央路童家巷24号（玄武门校区）;江苏省南京市江宁区龙眠大道639号（江宁校区）,http://www.cpu.edu.cn/,"025-83271319,025-83271422",140,,是,是,
江苏,南京市,江宁区,河海大学,1915,教育部,6,37,16,2,2462,理工类,普通本科,公办,2028286983@qq.com,江苏省南京市鼓楼区西康路1号;江苏省南京市江宁区佛城西路8号,http://www.hhu.edu.cn/,"025-58099483,025-58099489",287,,是,是,
江苏,南京市,玄武区,南京农业大学,1902,教育部,8,30,17,1,13500,农林类,普通本科,公办,zsb@njau.edu.cn,江苏省南京市玄武区卫岗1号,http://www.njau.edu.cn/,"400-112-0200,025-84399789,025-84396458",245,,是,是,
上海,上海市,闵行区,上海交通大学,1896,教育部,33,57,45,22,4500,综合类,普通本科,公办,zsb@sjtu.edu.cn,上海市东川路800号,https://www.sjtu.edu.cn/,"021-34200000,021-34207255",513,是,是,是,是
江苏,徐州市,铜山区,中国矿业大学,1909,教育部,10,33,17,6,4413,综合类,普通本科,公办,zsb@cumt.edu.cn,江苏省徐州市大学路1号,http://www.cumt.edu.cn/,"0516-83591555,0516-83591666",1823,,是,是,
上海,上海市,杨浦区,上海财经大学,1917,教育部,6,16,9,1,818,财经类,普通本科,公办,zb@mail.shufe.edu.cn,上海市杨浦区国定路777号,http://www.shufe.edu.cn/,"021-65904372,021-65901267",98,,是,是,
江苏,苏州市,苏州工业园区,苏州大学,1900,江苏省,4,49,28,2,4586,综合类,普通本科,公办,zsb@suda.edu.cn,天赐庄校区：江苏省苏州市十梓街1号;独墅湖校区：苏州工业园区仁爱路199号,http://www.suda.edu.cn/,"0512-67507943,0512-67507949",406,,是,是,
上海,上海市,虹口区,上海外国语大学,1949,教育部,5,7,3,1,1121,语言类,普通本科,公办,ao@shisu.edu.cn,上海市虹口区大连西路550号,http://www.shisu.edu.cn/,"021-55383668,021-55386006",130,,是,是,
上海,上海市,闵行区,华东师范大学,1951,教育部,16,36,30,14,3105,师范类,普通本科,公办,jwjc@admin.ecnu.edu.cn,上海市中山北路3663号,https://www.ecnu.edu.cn/,021-62232212,374,是,是,是,是
江苏,南京市,鼓楼区,南京艺术学院,1912,江苏省,1,5,5,0,700,艺术类,普通本科,公办,metd016@njarti.edu.cn,南京市北京西路74号,https://www.nua.edu.cn/,"025-83498055,025-83498382",308,,,,
江苏,南京市,江宁区,南京晓庄学院,1927,江苏省,0,0,0,0,1408,师范类,普通本科,公办,zhaosheng@njxzc.edu.cn,南京市江宁区弘景大道3601号,http://www.njxzc.edu.cn/,"025-86178292,025-86178888",101,,,,
上海,上海市,杨浦区,复旦大学,1905,教育部,38,43,37,26,603,综合类,普通本科,公办,admission@fudan.edu.cn,上海市杨浦区邯郸路220号,http://www.fudan.edu.cn,"021-55666668,021-55664345",390,是,是,是,是
江苏,常州市,武进区,常州大学,1978,江苏省,0,13,1,0,2498,理工类,普通本科,公办,zsb@cczu.edu.cn,科教城校区：江苏省常州市武进区滆湖路;白云校区：江苏省常州市钟楼区白云路,http://www.cczu.edu.cn,"0519-86334485,0519-86330566",203,,,,
江苏,淮安市,清江浦区,淮阴工学院,1958,江苏省,0,0,0,0,2560,理工类,普通本科,公办,13197240@qq.com,江苏省淮安市枚乘东路1号,http://www.hyit.edu.cn/,"0517-83591026,0517-83591073",153,,,,
上海,上海市,松江区,东华大学,1951,教育部,4,29,10,3,2000,理工类,普通本科,公办,webmaster@dhu.edu.cn,上海市延安西路1882号,http://www.dhu.edu.cn/,021-62379160,168,,是,是,
江苏,镇江市,丹徒区,江苏科技大学,1933,江苏省,0,20,4,0,3979,理工类,普通本科,公办,jkdzsb@126.com,东校区：江苏省镇江市梦溪路2号;西校区：江苏省镇江市南徐大道西段,http://www.just.edu.cn/,0511-84401065,162,,,,
江苏,常州市,武进区,江苏理工学院,1984,江苏省,0,0,0,0,148,理工类,普通本科,公办,tctzjc@jstu.edu.cn,江苏省常州市中吴大道1801号,http://www.jstu.edu.cn/,51986999551,155,,,,
江苏,南京市,江宁区,南京工程学院,1915,江苏省,0,0,0,0,3000,理工类,普通本科,公办,zsb@njit.edu.cn,南京市江宁科学园弘景大道1号,http://www.njit.edu.cn/,"025-86118008,025-86118009",197,,,,
上海,上海市,徐汇区,华东理工大学,1952,教育部,6,30,13,3,3659,理工类,普通本科,公办,zsb@ecust.edu.cn,上海市梅陇路130号,http://www.ecust.edu.cn/,021-64252763,165,,是,是,
江苏,南京市,浦口区,南京信息工程大学,1960,江苏省,2,22,6,3,2000,综合类,普通本科,公办,zsb@nuist.edu.cn,江苏省南京市宁六路219号,https://www.nuist.edu.cn/,"025-58731378,025-58731333",298,,,是,
江苏,苏州市,虎丘区,苏州科技大学,1932,江苏省,0,16,0,0,2300,综合类,普通本科,公办,zsb@mail.usts.edu.cn,苏州市虎丘区学府路99号,http://www.usts.edu.cn/,0512-68096117,234,,,,
江苏,南京市,栖霞区,南京财经大学,1956,江苏省,0,12,0,0,1811,财经类,普通本科,公办,njcdzb@nufe.edu.cn,南京市仙林大学城文苑路3号,http://www.nufe.edu.cn/,400-025-0365,278,,,,
江苏,南京市,浦口区,南京审计大学,1983,江苏省,0,7,0,0,2175,财经类,普通本科,公办,zsb@nau.edu.cn,江苏省南京市浦口区江浦街道雨山西路86号,http://www.nau.edu.cn/,"025-58318189,025-58318196",458,,,,
江苏,镇江市,京口区,江苏大学,1902,江苏省,4,44,14,0,3000,综合类,普通本科,公办,zsb@ujs.edu.cn,江苏省镇江市学府路301号,http://www.ujs.edu.cn/,"400-0511-365,0511-88780048",234,,,,
江苏,南京市,江宁区,南京医科大学,1934,江苏省,4,11,8,1,1300,医药类,普通本科,公办,zhaoban@njmu.edu.cn,南京市江宁区龙眠大道101号,http://www.njmu.edu.cn/,025-86869191,105,,,是,
江苏,常州市,新北区,常州工学院,1978,江苏省,0,0,0,0,1300,理工类,普通本科,公办,zsjy@oa.czu.cn,辽河路校区：常州市辽河路666号;巫山路校区：常州市巫山路1号,http://www.czu.cn/,0519-88510088,102,,,,
江苏,扬州市,邗江区,扬州大学,1902,江苏省,3,50,21,0,4000,综合类,普通本科,公办,ydzb@yzu.edu.cn,江苏省扬州市大学南路88号,http://www.yzu.edu.cn/,"0514-87991290,0514-87990685,0514-87990230,0514-879",459,,,,
江苏,徐州市,鼓楼区,徐州医科大学,1958,江苏省,0,7,2,1,1200,医药类,普通本科,公办,zsb@xzhmu.edu.cn,徐州市铜山路209号,http://www.xzhmu.edu.cn/,0516-83262666,140,,,,
浙江,杭州市,西湖区,杭州电子科技大学,1956,浙江省,0,18,6,0,2500,理工类,普通本科,公办,zhaosheng@hdu.edu.cn,浙江省杭州市文一路65号,http://www.hdu.edu.cn/,0571-86915007,139,,,,
江苏,盐城市,亭湖区,盐城工学院,1958,江苏省,0,1,0,0,2282,理工类,普通本科,公办,zsk@ycit.edu.cn,江苏省盐城市希望大道中路1号;江苏省盐城市建军东路211号,https://www.ycit.cn/,0515-88298060,132,,,,
江苏,南京市,浦口区,南京工业大学,1902,江苏省,1,22,6,1,4000,理工类,普通本科,公办,zhaosheng@njtech.edu.cn,南京市江北新区浦珠南路30号,http://www.njtech.edu.cn/,025-58139090,266,,,,
江苏,盐城市,亭湖区,盐城师范学院,1958,江苏省,0,0,0,0,1500,师范类,普通本科,公办,zsb@yctu.edu.cn,通榆校区：江苏省盐城市开放大道50号;新长校区：江苏省盐城市希望大道南路2号,http://www.yctc.edu.cn/,"0515-88233059,0515-88223919",135,,,,
江苏,南京市,栖霞区,南京中医药大学,1954,江苏省,4,11,4,5,1500,医药类,普通本科,公办,zsb@njutcm.edu.cn,南京仙林大学城仙林大道138号,http://www.njucm.edu.cn/,"025-85811852,17826007720,17826007721",586,,,是,
江苏,南京市,玄武区,南京林业大学,1902,江苏省,4,24,8,5,10751,农林类,普通本科,公办,zsb@njfu.edu.cn,江苏省南京市龙蟠路159号,http://www.njfu.edu.cn/,"025-85427320,400-928-1115",360,,,是,
江苏,南京市,玄武区,南京体育学院,1956,江苏省,0,1,0,0,640,体育类,普通本科,公办,zsb@nsi.edu.cn,南京市玄武区灵谷寺路8号;南京市栖霞区仙林大道169号,http://www.nipes.cn/,025-84755150,180,,,,
江苏,南京市,栖霞区,南京邮电大学,1942,江苏省,1,21,3,3,3000,理工类,普通本科,公办,zsk@njupt.edu.cn,仙林校区地址：南京市亚东新城区文苑路9号;三牌楼校区地址：南京市新模范马路66号,http://www.njupt.edu.cn,"025-85866669,025-85866668",244,,,是,
江苏,徐州市,云龙区,江苏师范大学,1952,江苏省,9,35,0,0,2457,师范类,普通本科,公办,zsb@jsnu.edu.cn,江苏省徐州市铜山新区上海路101号;江苏省徐州市云龙区和平路57号,http://www.jsnu.edu.cn/,0516-83403064,309,,,,
浙江,宁波市,江北区,宁波大学,1986,浙江省,0,30,6,3,3037,综合类,普通本科,公办,zsbjw@nbu.edu.cn,浙江省宁波市江北区风华路818号,http://www.nbu.edu.cn/,"0574-87600233,0574-87609301",136,,,是,
浙江,金华市,婺城区,浙江师范大学,1956,浙江省,0,28,8,1,3300,师范类,普通本科,公办,zsb@zjnu.cn,浙江省金华市迎宾大道688号,http://www.zjnu.edu.cn/,"0579-82282245,0579-82282335",165,,,,
浙江,杭州市,江干区,中国计量大学,1978,浙江省,4,15,0,5,1580,理工类,普通本科,公办,zsb@cjlu.edu.cn,浙江省杭州市下沙高教园区学源街258号,https://www.cjlu.edu.cn/,"0571-86836060,0571-86836014",219,,,,
浙江,杭州市,临安区,浙江农林大学,1958,浙江省,6,16,5,3,3200,农林类,普通本科,公办,zlzsb@zjfc.edu.cn,浙江杭州临安环城北路88号,https://www.zafu.edu.cn/,"0571-63730908,0571-63737417",208,,,,
浙江,杭州市,滨江区,浙江中医药大学,1953,浙江省,1,8,3,3,1000,医药类,普通本科,公办,zsb@zcmu.edu.cn,浙江中医药大学学生处招生办公室（滨文校区）,https://www.zcmu.edu.cn/index.htm,0571-86613520,570,,,,
浙江,嘉兴市,南湖区,嘉兴学院,1914,浙江省,0,0,0,0,1800,综合类,普通本科,公办,248810354@qq.com,浙江省嘉兴市越秀南路56号,http://www.zjxu.edu.cn/,0573-83640000,79,,,,
浙江,温州市,瓯海区,温州医科大学,1912,浙江省,0,12,4,3,1900,医药类,普通本科,公办,zsb@wmu.edu.cn,浙江省温州市茶山高教园区,http://www.wmu.edu.cn/,"0577-86689885,0577-86689900",73,,,,
浙江,杭州市,余杭区,杭州师范大学,1908,浙江省,1,24,0,0,2984,师范类,普通本科,公办,wyi0318@126.com,杭州市余杭区仓前街道余杭塘路2318号,https://www.hznu.edu.cn/,"0571-28865193,0571-28865518",177,,,,
浙江,杭州市,西湖区,浙江科技学院,1980,浙江省,0,5,0,0,1900,理工类,普通本科,公办,zsb2010@zust.edu.cn,浙江省杭州市留和路318号,http://www.zust.edu.cn/,"0571-85070165,0571-85071165",60,,,,
浙江,温州市,瓯海区,温州大学,1933,浙江省,0,17,0,0,1583,综合类,普通本科,公办,zs@wzu.edu.cn,浙江省温州市茶山高教园区,http://www.wzu.edu.cn/,0577-86680800,101,,,,
浙江,杭州市,钱塘区,浙江工商大学,1911,浙江省,0,16,6,0,2487,财经类,普通本科,公办,zhaoban@zjsu.edu.cn,下沙校区：杭州市下沙高教园区学正街18号;教工路校区：杭州市教工路149号,http://www.zjgsu.edu.cn/,"0571-28877228,0571-86989998",170,,,,
浙江,杭州市,钱塘区,浙江理工大学,1897,浙江省,0,24,3,5,2100,理工类,普通本科,公办,zsb@zstu.edu.cn,杭州市下沙高教园区2号大街928号,http://www.zstu.edu.cn/,"0571-86843333,0571-86843999",253,,,,
浙江,绍兴市,越城区,绍兴文理学院,1996,浙江省,0,7,0,0,1487,师范类,普通本科,公办,sxwlxyzsbgs@163.com,校本部：浙江省绍兴市越城区环城西路508号;浙江省绍兴市越城区城南大道900号：上虞校区：浙江省绍兴市上虞区东山路368号,https://www.usx.edu.cn/,"0575-88345555,0575-88364492",127,,,,
浙江,杭州市,上城区,中国美术学院,1928,浙江省,2,12,4,0,1000,艺术类,普通本科,公办,zb@caa.edu.cn,浙江省杭州市南山路218号,https://www.caa.edu.cn/,0571-87164630,284,,,是,
浙江,舟山市,定海区,浙江海洋大学,1958,浙江省,0,9,0,4,2608,农林类,普通本科,公办,zjhyxy@zjou.edu.cn,浙江省舟山市定海区海院路18号,http://www.zjou.edu.cn/,"0580-2550022,0580-8180821",168,,,,
浙江,台州市,椒江区,台州学院,1907,浙江省,0,0,0,0,1670,综合类,普通本科,公办,zsb2004@tzc.edu.cn,"椒江校区地址：浙江省台州市椒江区市府大道1139号,临海校区地址：浙江省临海市东方大道605号",https://www.tzc.edu.cn/,"0576-88669696,0576-85137102",45,,,,
浙江,杭州市,西湖区,浙江工业大学,1953,浙江省,1,29,9,11,3550,理工类,普通本科,公办,zsb@zjut.edu.cn,杭州市潮王路18号浙江工业大学招生办公室,http://www.zjut.edu.cn/,"0571-88320032,0571-88320501",210,,,,
浙江,湖州市,吴兴区,湖州师范学院,1916,浙江省,0,2,0,0,1560,师范类,普通本科,公办,zsb@hutc.zj.cn,浙江省湖州市二环东路759号,http://www.zjhu.edu.cn/,"0572-2599888,0572-2322001",165,,,,
浙江,杭州市,钱塘区,浙江财经大学,1974,浙江省,0,9,1,0,2300,财经类,普通本科,公办,cyzsb@zufe.edu.cn,杭州市下沙高教园区学源街18号,http://www.zufe.edu.cn,"0571-87557465,0571-87557466",98,,,,
浙江,宁波市,鄞州区,浙江万里学院,1950,浙江省,0,2,0,0,1687,理工类,普通本科,公办,,浙江省宁波市高教园区（南区）钱湖南路8号,http://www.zjwu.net/,"0574-88222066,0574-88222065",165,,,,
上海,上海市,杨浦区,上海理工大学,1906,上海市,1,27,8,0,1000,理工类,普通本科,公办,zhaoban@usst.edu.cn,上海市军工路516号,http://www.usst.edu.cn/,021-55270799,434,,,,
上海,上海市,浦东新区,上海中医药大学,1956,上海市,6,6,3,0,500,医药类,普通本科,公办,zhaosheng@shutcm.edu.cn,上海市浦东新区蔡伦路1200号,http://www.shutcm.edu.cn/,021-51322028,507,,,是,
上海,上海市,浦东新区,上海海事大学,1909,上海市,1,16,4,3,1995,理工类,普通本科,公办,smuzhaosheng@126.com,上海市浦东新区海港大道1550号,https://www.shmtu.edu.cn/,021-38282000,157,,,,
上海,上海市,徐汇区,上海师范大学,1954,上海市,2,33,9,2,2295,综合类,普通本科,公办,ssdzsb@shnu.edu.cn,徐汇校区地址为桂林路100号：奉贤校区地址为海思路100号,http://www.shnu.edu.cn/,021-64322695,326,,,,
安徽,芜湖市,弋江区,安徽师范大学,1928,安徽省,0,30,8,0,2976,师范类,普通本科,公办,asdzsb@163.com,赭山校区：安徽省芜湖市北京东路1号;花津校区：芜湖市九华南路189号,http://www.ahnu.edu.cn/,0553-5910161,175,,,,
上海,上海市,松江区,上海工程技术大学,1978,上海市,0,11,0,0,1470,理工类,普通本科,公办,,上海市松江区龙腾路333号,https://www.sues.edu.cn/,021-62750183,349,,,,
上海,上海市,浦东新区,上海海洋大学,1912,上海市,1,13,4,32,1600,综合类,普通本科,公办,zsb@shou.edu.cn,上海市浦东新区临港新城护城环路999号,https://www.shou.edu.cn/,"021-61900607,021-61900608,021-61900609",164,,,是,
安徽,芜湖市,鸠江区,安徽工程大学,1935,安徽省,0,12,0,0,1700,理工类,普通本科,公办,,安徽省芜湖市北京中路,http://www.ahpu.edu.cn/,0553-2871043,84,,,,
安徽,淮北市,相山区,淮北师范大学,1974,安徽省,0,15,0,0,3000,综合类,普通本科,公办,395380547@qq.com,相山校区：安徽省淮北市东山路100号;滨湖校区：淮北市沱河东路,http://www.chnu.edu.cn,"0561-3803276,0561-3802146",100,,,,
上海,上海市,松江区,上海对外经贸大学,1960,上海市,0,7,0,0,1003,财经类,普通本科,公办,,上海市松江区文翔路1900号,http://www.suibe.edu.cn/,021-67703050,168,,,,
上海,上海市,浦东新区,上海第二工业大学,1960,上海市,0,0,0,0,800,理工类,普通本科,公办,zsb@sspu.edu.cn,上海市浦东新区金海路2360号,http://www.sspu.edu.cn/,"021-50217411,021-50214975",42,,,,
安徽,芜湖市,弋江区,皖南医学院,1950,安徽省,0,5,0,2,700,医药类,普通本科,公办,wnyxyzsb@163.com,滨江校区：安徽省芜湖市弋江区文昌西路22号;赭麓校区：安徽省芜湖市镜湖区银湖南路34号,https://www.wnmc.edu.cn/,0553-3932637,76,,,,
上海,上海市,松江区,华东政法大学,1952,上海市,2,8,2,0,1125,政法类,普通本科,公办,zsb@ecupl.edu.cn,上海市松江大学园区龙源路555号,https://www.ecupl.edu.cn/,021-57090220,551,,,,
上海,上海市,杨浦区,上海电力大学,1951,上海市,0,7,1,0,1200,理工类,普通本科,公办,,上海市杨浦区长阳路2588号,http://www.shiep.edu.cn,021-35303755,183,,,,
上海,上海市,奉贤区,上海应用技术大学,1956,上海市,0,9,0,0,1428,理工类,普通本科,公办,,奉贤校区：上海市奉贤区海泉路100号;徐汇校区：上海市徐汇区漕宝路120号,http://www.sit.edu.cn,"021-64941403,021-64948576,021-64948577,021-64940020,021-64940021",73,,,,
上海,上海市,静安区,上海戏剧学院,1945,上海市,2,4,2,0,533,艺术类,普通本科,公办,yanr@cernet.com,上海市华山路630号;莲花路校区：上海市莲花路211号,http://www.sta.edu.cn/,021-62488077,153,,,,
安徽,蚌埠市,龙子湖区,安徽财经大学,1959,安徽省,0,9,0,0,1393,财经类,普通本科,公办,zsb@aufe.edu.cn,龙湖东校区：安徽省蚌埠市曹山路962号;龙湖西校区：安徽省蚌埠市宏业路255号,http://www.aufe.edu.cn,"0552-3176767,0552-3177676",204,,,,
安徽,合肥市,蜀山区,安徽建筑大学,1958,安徽省,0,11,0,1,1531,理工类,普通本科,公办,,南校区：合肥市经济技术开发区紫云路292号;北校区：合肥市包河区金寨路856号,http://www.ahjzu.edu.cn,0551-63828083,72,,,,
上海,上海市,黄浦区,上海立信会计金融学院,1952,上海市,0,0,0,0,1200,财经类,普通本科,公办,jzzb@shfc.edu.cn,浦东校区：上海市浦东新区上川路995号;松江校区：上海市松江区文翔路2800号,https://www.lixin.edu.cn/,"021-50218552,021-67705112",157,,,,
上海,上海市,杨浦区,上海体育学院,1952,上海市,1,4,1,0,600,体育类,普通本科,公办,zb@sus.edu.cn,上海市杨浦区清源环路650号,http://www.sus.edu.cn/,021-65506175,166,,,是,
安徽,淮南市,田家庵区,淮南师范学院,1958,安徽省,0,0,0,0,1143,师范类,普通本科,公办,zsban818@163.com,泉山校区：安徽省淮南市洞山西路,https://zsw.hnnu.edu.cn/,0554-6863550,57,,,,
上海,上海市,徐汇区,上海音乐学院,1927,上海市,2,3,3,0,100,艺术类,普通本科,公办,,上海市汾阳路20号,http://www.shcmusic.edu.cn,021-64376411,170,,,是,
上海,上海市,浦东新区,上海杉达学院,1992,上海市教委,0,0,0,0,808,财经类,普通本科,民办,,金海校区：上海市浦东新区金海路2727号;嘉善校区： 浙江省嘉善县人民大道505号,http://www.sandau.edu.cn/,"021-50210894,0573-84239202",52,,,,
安徽,滁州市,凤阳县,安徽科技学院,1950,安徽省,6,0,0,7,2000,综合类,普通本科,公办,1035976518@qq.com,蚌埠龙湖校区：安徽省蚌埠市龙子湖区大学城黄山大道1501号;凤阳校区：安徽省滁州市凤阳县东华路9号,http://www.ahstu.edu.cn/,"0550-6732041,0552-3197041",100,,,,
安徽,合肥市,巢湖市,合肥学院,1980,安徽省,0,1,0,0,1496,综合类,普通本科,公办,,安徽省合肥市经济技术开发区锦绣大道99号、158号,http://www.hfuu.edu.cn,"0551-62158118,0551-62159118",43,,,,
安徽,六安市,裕安区,皖西学院,1918,安徽省,0,0,0,0,1816,综合类,普通本科,公办,jwczsb@wxc.edu.cn,安徽省六安市云露桥西月亮岛,http://www.wxc.edu.cn,"0564-3305015,0564-3305004",43,,,,
安徽,合肥市,巢湖市,巢湖学院,1977,安徽省,0,0,0,0,1325,综合类,普通本科,公办,zsb@chu.edu.cn,安徽省合肥巢湖经济开发区,http://www.chu.edu.cn,"0551-82361303,0551-82361098",46,,,,
安徽,黄山市,休宁县,黄山学院,1978,安徽省,0,0,0,0,1800,综合类,普通本科,公办,hsxyzsb@hsu.edu.cn,安徽省黄山市屯溪区西海路39号（南校区）;安徽省黄山市屯溪区戴震路44号（北校区）,http://www.hsu.edu.cn,0559-2546568,63,,,,
安徽,铜陵市,铜官区,铜陵学院,1958,安徽省,0,0,0,0,1310,财经类,普通本科,公办,zb@tlu.edu.cn,翠湖校区：安徽省铜陵市翠湖四路1335号;育秀校区：铜陵市北京中路297号,https://www.tlu.edu.cn/,"0562-5883647,0562-5881020,0562-5881961",201,,,,
上海,上海市,奉贤区,上海城建职业学院,1956,上海市,0,0,0,0,753,综合类,专科（高职）,公办,zsjybgs@succ.edu.cn,"奉贤校区地址:南亭公路2080号,杨浦校区地址:军工路2360号",http://www.succ.edu.cn,021-56605436,84,,,,
上海,上海市,浦东新区,上海海关学院,1953,海关总署,0,0,0,0,521,财经类,普通本科,公办,zsb_zx@126.com,上海市浦东新区华夏西路5677号,https://www.shcc.edu.cn/,"021-28991053,021-28991054",60,,,,
上海,上海市,奉贤区,上海电子信息职业技术学院,1960,上海市,0,0,0,0,500,理工类,专科（高职）,公办,,上海市奉贤区瓦洪公路3098号,http://www.stiei.edu.cn/,021-64038240,55,,,,
上海,上海市,浦东新区,上海建桥学院,2000,上海市教委,0,0,0,0,799,财经类,普通本科,民办,zixun@mail.gench.com.cn,校本部地址为上海市浦东新区沪城环路1111号,https://www.gench.edu.cn/,"021-68130020,021-58137880",61,,,,
上海,上海市,闵行区,上海东海职业技术学院,1993,上海市教委,0,0,0,0,225,综合类,专科（高职）,民办,donghaizsb@163.com,上海市闵行区虹梅南路6001号,https://www.esu.edu.cn/,"021-64523424,021-64506938",21,,,,
上海,上海市,宝山区,上海震旦职业学院,1984,上海市教委,0,0,0,0,200,财经类,专科（高职）,民办,zhaoban@aurora-college.cn,上海市宝山区罗店镇市一路88号,http://www.aurora-college.cn,"021-66861707,021-66860766",16,,,,
上海,上海市,宝山区,上海邦德职业技术学院,1998,上海市教委,0,0,0,0,230,综合类,专科（高职）,民办,zhaoban@shbangde.com,上海市宝山区锦秋路299号,http://www.shbangde.com/,"021-56514754,021-66504946,021-56680657",7,,,,
上海,上海市,嘉定区,上海工艺美术职业学院,1960,上海市,0,0,0,0,182,艺术类,专科（高职）,公办,zb@gymyzb.cn,上海市嘉定区嘉行公路851号,https://www.sada.edu.cn/,021-64398515,36,,,,
上海,上海市,宝山区,上海济光职业技术学院,1993,上海市教委,0,0,0,0,250,理工类,专科（高职）,民办,zb@shjgxy.net,"宝山校区地址为上海市宝山区水产路2859号,杨浦校区地址为上海市杨浦区武东路51号",https://www.shjgu.edu.cn/,"021-66761012,18801931998,021-36020098",18,,,,
上海,上海市,静安区,上海行健职业学院,2001,上海市,0,0,0,0,159,财经类,专科（高职）,公办,xjzsb@shxj.cn,上海市静安区原平路55号,http://www.shxj.edu.cn/,021-66109601,18,,,,
上海,上海市,浦东新区,上海海事职业技术学院,1986,上海市,0,0,0,0,158,理工类,专科（高职）,公办,smaeo@96590.net,上海市浦东新区源深路158号,http://www.sma.edu.cn,021-58311677,4,,,,
上海,上海市,杨浦区,上海出版印刷高等专科学校,1953,上海市,0,0,0,0,303,综合类,专科（高职）,公办,,"校本部地址为杨浦区水丰路100号,营口路校区地址为杨浦区营口路101号",http://www.sppc.edu.cn,021-65674045,80,,,,
上海,上海市,浦东新区,上海思博职业技术学院,2003,上海市教委,0,0,0,0,498,财经类,专科（高职）,民办,,南汇惠南镇城南路1408号,http://www.shsipo.com,"021-68023335,021-68023336",9,,,,
上海,上海市,松江区,上海立达学院,2003,上海市教委,0,0,0,0,500,财经类,普通本科,民办,zsb@lidapoly.edu.cn,上海市松江区车亭公路1788 号,http://www.lidapoly.edu.cn/,"021-57803530,021-57803531",12,,,,
上海,上海市,宝山区,上海交通职业技术学院,2001,上海市,0,0,0,0,0,理工类,专科（高职）,公办,jtbgscs@126.com,"上海市宝山区呼兰路883号,上海市浦东新区下盐路2888号",http://www.scp.edu.cn/,"021-56996297,021-68159612",25,,,,
上海,上海市,嘉定区,上海工商职业技术学院,1993,上海市教委,0,0,0,0,337,综合类,专科（高职）,民办,,"上海市嘉定区外冈镇冈峰路68号,上海市青浦区华新镇新凤北路565号",http://www.sicp.edu.cn/,"021-60675958,021-59587531",12,,,,
上海,上海市,松江区,上海农林职业技术学院,1947,上海市,0,0,0,0,1448,农林类,专科（高职）,公办,snzb@sj.net.cn,上海市松江区中山二路658号,http://www.shafc.edu.cn/,021-57811385,55,,,,
上海,上海市,浦东新区,上海兴伟学院,2001,上海市教委,0,0,0,0,354,综合类,普通本科,民办,info@xingwei.edu.cn,上海市浦东新区勤奋路1号,http://www.xingwei.edu.cn/,021-68020761,1,,,,
上海,上海市,嘉定区,上海科学技术职业学院,1959,上海市,0,0,0,0,125,理工类,专科（高职）,公办,,上海市嘉定区金沙路280号,http://www.scst.edu.cn/,021-69990068,9,,,,
上海,上海市,金山区,上海中侨职业技术大学,1993,上海市教委,0,0,0,0,542,财经类,普通本科,民办,zhongqiaojyb@163.com,上海市金山区漕廊公路3888号,http://www.shzq.edu.cn,"021-31616099,021-31616077,021-31616088",21,,,,
江苏,南通市,崇川区,南通大学,1912,江苏省,0,22,3,1,3700,综合类,普通本科,公办,zsb@ntu.edu.cn,"南通市啬园路9号,启秀路19号",http://www.ntu.edu.cn,0513-85012170,211,,,,
上海,上海市,长宁区,中国人民解放军海军军医大学,1949,解放军总后勤部,0,20,10,0,0,军事类,普通本科,公办,Webmaster@smmu.edu.cn,上海市翔殷路800号,http://www.smmu.edu.cn/,021-81870199,8,,是,是,
江苏,淮安市,涟水县,炎黄职业技术学院,1999,江苏省教育厅,0,0,0,0,309,理工类,专科（高职）,民办,jinbiao_ma@163.com,江苏省淮安市涟水炎黄大道东1号,http://www.yhjyjt.cn,"0517-80816690,0517-89960111",15,,,,
上海,上海市,徐汇区,上海商学院,1950,上海市,0,0,0,0,650,财经类,普通本科,公办,zsb@sbs.edu.cn,"奉浦校区地址为上海市奉贤区奉浦大道123 号,交通路院区地址为上海市普陀区交通路1933号",https://www.sbs.edu.cn/,"021-54252879,021-64280270",59,,,,
上海,上海市,青浦区,上海政法学院,1984,上海市,0,3,0,0,1000,政法类,普通本科,公办,zhaosheng@shupl.edu.cn,上海市青浦区外青松公路7989号,http://www.shupl.edu.cn/,"021-39225065,021-39225175,021-39225177",157,,,,
安徽,阜阳市,颍州区,阜阳师范大学,1956,安徽省,0,5,0,0,1715,师范类,普通本科,公办,zsb2@fync.edu.cn,安徽省阜阳市清河西路100号,http://www.fynu.edu.cn/,0558-2596225,71,,,,
安徽,蚌埠市,龙子湖区,蚌埠医学院,1958,安徽省,0,6,0,0,1760,医药类,普通本科,公办,bbmczsk@126.com,安徽省蚌埠市东海大道2600号,http://www.bbmc.edu.cn,0552-3178336,88,,,,
江苏,南京市,江宁区,金陵科技学院,1958,江苏省,0,0,0,0,1525,理工类,普通本科,公办,zsb@jit.edu.cn,南京市江宁区弘景大道99号,https://www.jit.edu.cn/,"025-86188800,025-86188811",168,,,,
浙江,杭州市,下城区,浙江传媒学院,1978,浙江省,0,0,0,0,1305,语言类,普通本科,公办,cuzzs@cuz.edu.cn,"浙江省杭州市下沙高教园区学源街998号（杭州校区）,浙江省桐乡市梧桐街道逾桥西路998号（桐乡校区）",http://www.cuz.edu.cn/,"0571-86832600,0571-86832630",132,,,,
江苏,徐州市,云龙区,徐州工程学院,2002,江苏省,0,0,0,0,1991,综合类,普通本科,公办,zsb@xzit.edu.cn,江苏省徐州市云龙区丽水路2号,http://www.xzit.edu.cn,0516-83105200,220,,,,
江苏,泰州市,海陵区,江苏农牧科技职业学院,1958,江苏省,0,0,0,0,4600,农林类,专科（高职）,公办,jsmyzb@sina.com,江苏省泰州市凤凰东路8号,http://www.jsahvc.edu.cn/,"0523-86158999,0523-86158030,0523-86158666",434,,,,
江苏,南通市,崇川区,江苏工程职业技术学院,1912,江苏省,0,0,0,0,860,理工类,专科（高职）,公办,zhaoshengban@jcet.edu.cn,江苏省南通市青年中路87号,http://www.jcet.edu.cn/default.php,"0513-80560444,0513-80560555",227,,,,
江苏,淮安市,淮阴区,淮阴师范学院,1997,江苏省,0,0,0,0,2000,师范类,普通本科,公办,zsb@hytc.edu.cn,"江苏省淮安市长江西路111号（王营校区）,江苏省淮安市交通路71号（交通路校区）",http://www.hytc.edu.cn/,"0517-83526999,0517-83526555",124,,,,
江苏,南京市,栖霞区,南京工业职业技术大学,1918,江苏省,0,0,0,0,1360,理工类,普通本科,公办,zsb@niit.edu.cn,南京市栖霞区仙林大学城羊山北路1号,http://www.niit.edu.cn/,"400-080-1151,025-85864210",188,,,,
上海,上海市,浦东新区,上海电机学院,1953,上海市,0,0,0,0,1147,理工类,普通本科,公办,zhaosheng@sdju.edu.cn,"临港校区：上海市浦东新区水华路300号,闵行校区：上海市闵行区江川路690号",https://www.sdju.edu.cn/,021-38223045,52,,,,
江苏,南京市,雨花台区,江苏警官学院,1949,江苏省,0,0,0,0,999,政法类,普通本科,公办,zsb@jspi.cn,南京市浦口区石佛寺三宫48号,http://www.jspi.cn,025-52888910,93,,,,
江苏,苏州市,苏州工业园区,苏州百年职业学院,2005,江苏省教育厅,0,0,0,0,65,综合类,专科（高职）,中外合作办学,zsb@scc.edu.cn,苏州工业园区仁爱路1号,http://www.scc.edu.cn/,"0512-62955666,0512-62955777,0512-62955778",16,,,,
江苏,徐州市,泉山区,江苏建筑职业技术学院,1979,江苏省,0,0,0,0,1200,理工类,专科（高职）,公办,zsb@xzcat.edu.cn,江苏省徐州市泉山区学苑路26号,http://www.jsjzi.edu.cn/,"0516-83889021,0516-83888688",169,,,,
江苏,扬州市,邗江区,扬州环境资源职业技术学院,1956,江苏省,0,0,0,0,500,农林类,专科（高职）,公办,yzhzxyzb@126.com,江苏省扬州市润扬南路33号,,0514-87436188,2,,,,
江苏,常州市,武进区,常州纺织服装职业技术学院,1958,江苏省,0,0,0,0,825,理工类,专科（高职）,公办,zs@cztgi.edu.cn,常州市武进区滆湖中路53号,http://www.cztgi.edu.cn,"400-188-1251,0519-86336023,0519-86336019,151611739",245,,,,
江苏,南京市,浦口区,南京铁道职业技术学院,1941,江苏省,0,0,0,0,1145,理工类,专科（高职）,公办,810001155@qq.com,南京市浦口区珍珠南路65号,http://www.njrts.edu.cn,"400-108-1155,025-68204931",164,,,,
江苏,徐州市,泉山区,中国矿业大学徐海学院,1999,江苏省教育厅,0,33,17,0,1555,综合类,普通本科,民办,xhxyzsb@163.com,江苏省徐州市金山东路1号,http://xhxy.cumt.edu.cn,"0516-83884713,0516-83884716",116,,,,
江苏,南京市,栖霞区,南京森林警察学院,1953,公安部,0,0,0,0,1113,政法类,普通本科,公办,zsb_sl@163.com,江苏省南京市栖霞区仙林大学城文澜路28号,http://www.forestpolice.net/,025-85878735,110,,,,
江苏,常州市,武进区,常州工程职业技术学院,1958,江苏省,0,0,0,0,1120,理工类,专科（高职）,公办,yjxu@email.czie.net,江苏省常州市武进区涌湖中路33号,http://www.czie.edu.cn,0519-86332038,121,,,,
江苏,泰州市,海陵区,南京理工大学泰州科技学院,2004,江苏省教育厅,0,0,0,0,1003,理工类,普通本科,民办,zsb_tk@163.com,江苏省泰州市梅兰东路8号,http://www.nustti.edu.cn/,0523-86150066,75,,,,
江苏,南京市,浦口区,东南大学成贤学院,2003,江苏省教育厅,0,0,0,0,1200,综合类,普通本科,民办,cxzb@cxxy.seu.edu.cn,江苏省南京市江北新区东大路6号,http://cxxy.seu.edu.cn,"400-100-6862,025-58690717",174,,,,
江苏,扬州市,邗江区,扬州工业职业技术学院,2004,江苏省,0,0,0,0,1027,理工类,专科（高职）,公办,zjc@ypi.edu.cn,江苏省扬州市华扬西路199号,http://www.ypi.edu.cn/,"400-860-1392,0514-87433178,0514-87433188",212,,,,
江苏,南京市,栖霞区,南京特殊教育师范学院,1982,江苏省,0,0,0,0,501,师范类,普通本科,公办,zjb@njts.edu.cn,江苏省南京市栖霞区神农路1号,http://www.njts.edu.cn,"025-89668111,025-89668222",56,,,,
江苏,南京市,栖霞区,钟山职业技术学院,1998,江苏省教育厅,0,0,0,0,540,理工类,专科（高职）,民办,,江苏省南京市马群街169号,http://www.njzs.edu.cn,"025-84361515,025-84358712",47,,,,
江苏,常州市,武进区,常州信息职业技术学院,1962,江苏省,0,0,0,0,1042,理工类,专科（高职）,公办,zsc@ccit.js.cn,江苏省常州信息职业技术学院（鸣新中路22号）,http://www.ccit.js.cn/,"0519-86338038,0519-86338338",202,,,,
江苏,苏州市,吴中区,苏州职业大学,1981,江苏省,0,0,0,0,1262,理工类,专科（高职）,公办,,苏州国际教育园南区致能大道106号,http://www.jssvc.edu.cn/,"0512-66507345,0512-65213474",1,,,,
江苏,镇江市,句容市,南京财经大学红山学院,1999,江苏省教育厅,0,0,0,0,1300,综合类,普通本科,民办,qiaotouxiaoqu@sina.com,福建路校区位于南京市鼓楼区铁路北街128号,http://hs.nufe.edu.cn/,"025-83495939,025-87762151,025-83495804",49,,,,
江苏,南京市,玄武区,三江学院,1902,江苏省教育厅,0,0,0,0,1030,综合类,普通本科,民办,sjzs@sju.edu.cn,"主校区地址：江苏省南京市雨花台区铁心桥龙西路310号,东校区地址：江苏省南京市雨花台区铁心桥花神大道128号",https://www.sju.edu.cn/,025-52897064,118,,,,
安徽,宿州市,埇桥区,宿州学院,1949,安徽省,0,0,0,0,1146,综合类,普通本科,公办,szxyzjc@163.com,"安徽省宿州市教育园区（东校区）,安徽省宿州市汴河中路49号（西校区）",http://www.ahszu.edu.cn/,"0557-2875361,0557-2871081,0557-3685022",70,,,,
江苏,苏州市,姑苏区,常熟理工学院,1958,江苏省,0,0,0,0,1800,理工类,普通本科,公办,cslgzsb@cslg.edu.cn,"东湖校区：江苏省常熟市南三环路99号,东南校区：江苏省常熟市湖山路99号",http://www.cslg.edu.cn/,"0512-52251131,0512-52251136",152,,,,
江苏,宿迁市,宿城区,宿迁学院,2002,江苏省教育厅,0,0,0,0,1320,综合类,普通本科,公办,zb@sqc.edu.cn,江苏省宿迁市黄河南路399号,http://www.sqc.edu.cn/,"0527-96889666,0527-84202305",221,,,,
江苏,徐州市,鼓楼区,徐州工业职业技术学院,1964,江苏省,0,0,0,0,1100,理工类,专科（高职）,公办,zsb@mail.xzcit.cn,徐州市鼓楼区襄王路1号,http://www.xzcit.cn,"0516-85782003,0516-85782059,0516-85782000",97,,,,
浙江,宁波市,奉化区,宁波工程学院,1983,浙江省,0,0,0,0,1800,理工类,普通本科,公办,zsjy@nbut.cn,宁波市风华路201号,https://www.nbut.edu.cn/,"0574-87616666,0574-87616616",90,,,,
江苏,无锡市,新吴区,无锡科技职业学院,2003,江苏省,0,0,0,0,391,理工类,专科（高职）,公办,zsb@wxstc.cn,江苏省无锡市新吴区新锡路8号,https://www.wxstc.cn/,"0510-85345168,0510-85343250",109,,,,
江苏,常州市,新北区,建东职业技术学院,2003,江苏省教育厅,0,0,0,0,640,理工类,专科（高职）,民办,zjc@czjdu.com,江苏省常州市新北区嫩江路1号,http://www.czjdu.com,0519-85132710,11,,,,
安徽,合肥市,瑶海区,安徽中医药大学,1959,安徽省,30,5,3,0,1270,医药类,普通本科,公办,kszx@ahtcm.edu.cn,"合肥市新站区前江路1号（少荃湖校区）,合肥市梅山路103号（梅山路校区）",http://www.ahtcm.edu.cn,0551-68129059,460,,,,
江苏,镇江市,扬中市,金山职业技术学院,2004,江苏省教育厅,0,0,0,0,400,理工类,专科（高职）,民办,jinshan@jscu.cn,江苏省镇江市扬中金山路1号,http://www.jscu.cn/,"0511-88020127,0511-88020126,0511-88020200",9,,,,
浙江,宁波市,鄞州区,宁波诺丁汉大学,2004,浙江省教育厅,0,0,0,0,887,综合类,普通本科,中外合作办学,Admissions@nottingham.edu.cn,浙江省宁波市泰康东路199号,http://www.nottingham.edu.cn,"0574-88222460,0574-88180004",26,,,,
上海,上海市,嘉定区,上海师范大学天华学院,2005,上海市教委,0,0,0,0,505,综合类,普通本科,民办,crisgong@hotmail.com,上海市嘉定区胜辛北路1661号,https://www.sthu.cn/,"021-39966101,021-39966020",43,,,,
江苏,常州市,天宁区,常州工业职业技术学院,1958,江苏省教育厅,0,0,0,0,1000,理工类,专科（高职）,公办,hjh@czili.edu.cn,江苏省常州市武进区鸣新中路28号,http://www.czqgxy.cn/,"0519-86335008,0519-86335009",95,,,,
浙江,丽水市,莲都区,丽水学院,1907,浙江省,0,0,0,0,1008,师范类,普通本科,公办,zhaosheng@lsu.edu.cn,浙江省丽水市学院路1号,http://www.lsu.edu.cn/,"0578-2271179,0578-2276113",60,,,,
安徽,滁州市,琅琊区,滁州学院,1950,安徽省,0,0,0,0,1634,综合类,普通本科,公办,1270024362@qq.com,"琅琊校区：滁州市琅琊西路2号,会峰校区：滁州市会峰西路1号",http://www.chzu.edu.cn/,"0550-3518833,0550-3510048",65,,,,
上海,上海市,崇明区,上海外国语大学贤达经济人文学院,2004,上海市教委,0,0,0,0,500,财经类,普通本科,民办,ao@shisu.edu.cn,"虹口校区地址为上海市虹口区东体育会路390号,崇明校区地址为上海市崇明区东滩大道999号",http://www.xdsisu.edu.cn/,"021-51278024,021-51278025",44,,,,
江苏,淮安市,清江浦区,江苏食品药品职业技术学院,1960,江苏省,0,0,0,0,1269,理工类,专科（高职）,公办,spxyzjc@sina.com,江苏省淮安市高教园区枚乘东路4号,http://www.jsfpc.edu.cn/,"400-799-9556,13505231351",138,,,,
浙江,杭州市,钱塘区,浙江经贸职业技术学院,1979,浙江省,0,0,0,0,575,财经类,专科（高职）,公办,jmzs@163.com,杭州下沙高教园东区学林街280号,http://www.zjiet.edu.cn/,"0571-85126932,0571-86929796",115,,,,
江苏,南京市,秦淮区,中国人民解放军陆军工程大学,2017,解放军总参谋部,0,18,11,0,11422,军事类,普通本科,公办,jlgzb@jlonline.com,"海福巷校区：江苏省南京市秦淮区后标营路88号,双龙街校区：江苏省南京市江宁区双龙大道60号",,"025-84483366,84867716,84864675",15,,,,
浙江,杭州市,滨江区,浙江商业职业技术学院,1911,浙江省,0,0,0,0,592,财经类,专科（高职）,公办,szyzsb@zjvcc.cn,浙江省杭州市滨江区滨文路470号,http://www.zjbc.edu.cn/,"0571-58108888,0571-58108080",67,,,,
安徽,安庆市,迎江区,安庆师范大学,1897,安徽省,0,11,0,0,2844,师范类,普通本科,公办,zsc@aqtc.edu.cn,"菱湖校区：安庆市菱湖南路128号 ,龙山校区：安庆市集贤北路1318号",http://www.aqnu.edu.cn/,0556-5300117,48,,,,
浙江,金华市,东阳市,浙江横店影视职业学院,2008,浙江省教育厅,0,0,0,0,580,艺术类,专科（高职）,民办,hyxyzsb@126.com,浙江省东阳市横店镇都督南街138号,http://www.hcft.edu.cn/#/,"0579-86599999,0579-86013329,0579-86013352",24,,,,
浙江,宁波市,海曙区,浙江工商职业技术学院,1914,浙江省,0,0,0,0,958,财经类,专科（高职）,公办,zsb@zjbti.net.cn,浙江省宁波市海曙区机场路1988号,http://www.zjbti.net.cn/,"0574-87422148,0574-87422003",86,,,,
浙江,杭州市,萧山区,浙江建设职业技术学院,1958,浙江省,0,0,0,0,1000,理工类,专科（高职）,公办,zjc6765@126.com,浙江省杭州市萧山高教园区,http://www.zjjy.net/,"0571-82871234,0571-82606765",81,,,,
浙江,杭州市,钱塘区,浙江金融职业学院,1975,浙江省,0,0,0,0,612,财经类,专科（高职）,公办,zjfczs2008@126.com,浙江杭州市下沙高教园区东区学源街118号,http://www.zfc.edu.cn/,"0571-86739200,0571-86739000",153,,,,
浙江,杭州市,滨江区,浙江机电职业技术学院,1952,浙江省,0,0,0,0,918,理工类,专科（高职）,公办,zimezsb@163.com,杭州市滨江区滨文路528号,https://www.zime.edu.cn/,0571-87773018,98,,,,
浙江,台州市,椒江区,台州职业技术学院,2001,浙江省,0,0,0,0,661,综合类,专科（高职）,公办,zsjyc@tzvtc.com,台州市经济开发区学院路788号,https://www.tzvtc.edu.cn/,"0576-88656666,0576-88656200,0576-88660086,0576-886",69,,,,
浙江,湖州市,吴兴区,湖州职业技术学院,1979,浙江省,0,0,0,0,601,综合类,专科（高职）,公办,zsb@hzvtc.net,浙江省浙江省湖州市学府路299号,http://www.hzvtc.net.cn/,"0572-2363678,0572-2363667",78,,,,
江苏,无锡市,宜兴市,无锡工艺职业技术学院,1958,江苏省,0,0,0,0,1000,艺术类,专科（高职）,公办,wxgyzjb@wxgyxy.cn,江苏省宜兴市荆邑南路99号,http://www.wxgyxy.cn/,"0510-81710066,0510-81710088,0510-81710099",232,,,,
浙江,杭州市,钱塘区,浙江水利水电学院,1953,浙江省,0,0,0,0,1231,理工类,普通本科,公办,zsb@mail.zjwchc.com,浙江省杭州市下沙高教园区学林街583号,http://www.zjweu.edu.cn/,"0571-86929123,0571-86929232",69,,,,
江苏,苏州市,吴中区,苏州工业职业技术学院,2003,江苏省,0,0,0,0,500,理工类,专科（高职）,公办,zhaosheng@siit.cn,江苏省苏州吴中大道国际教育园致能大道1号,http://www.siit.edu.cn/,"0512-66551750,0512-66550867",104,,,,
江苏,苏州市,苏州工业园区,西交利物浦大学,2006,江苏省教育厅,0,44,18,0,610,综合类,普通本科,中外合作办学,admissions@xjtlu.edu.cn,苏州工业园区独墅湖科教创新区仁爱路111号,http://www.xjtlu.edu.cn,0512-88161888,39,,,,
江苏,南京市,栖霞区,南京信息职业技术学院,1953,江苏省,0,0,0,0,1000,理工类,专科（高职）,公办,njcit8018@163.com,南京市仙林大学城文澜路99号,http://www.njcit.cn/,"025-85842018,400-888-1154",111,,,,
江苏,南京市,江宁区,南京交通职业技术学院,1953,江苏省,0,0,0,0,921,理工类,专科（高职）,公办,jyxgc@126.com,南京市江宁科学园龙眠大道629号,http://www.njitt.edu.cn/,"025-86115806,025-86115860",141,,,,
江苏,无锡市,锡山区,无锡学院,2002,江苏省,0,0,0,0,1101,理工类,普通本科,公办,bjzb@nuist.edu.cn,江苏省无锡市锡山大道333号,http://www.bjxy.cn,0510-88532333,10,,,,
江苏,苏州市,虎丘区,苏州卫生职业技术学院,1911,江苏省,0,0,0,0,753,医药类,专科（高职）,公办,szwszhsh@szhct.edu.cn,"石湖校区：苏州国际教育园北区科华路28号,书院校区：苏州市书院巷20号",https://www.szhct.edu.cn/meitiguanzhu/,"0512-62690106,0512-62693002,0512-62693003",77,,,,
江苏,南京市,江宁区,金肯职业技术学院,2000,江苏省教育厅,0,0,0,0,832,理工类,专科（高职）,民办,zsb@jku.cn,江苏省南京市江宁区金铜路2号,http://www.jku.edu.cn/,025-86197141,34,,,,
江苏,苏州市,虎丘区,苏州经贸职业技术学院,1961,江苏省,0,0,0,0,820,财经类,专科（高职）,公办,xsc@szjm.edu.cn,苏州市国际教育园北区学府路287号,http://www.szjm.edu.cn,0512-62910011,189,,,,
江苏,无锡市,惠山区,江苏信息职业技术学院,2002,江苏省,0,0,0,0,1165,理工类,专科（高职）,公办,zjb@jsit.edu.cn,江苏省无锡市钱藕路1号,http://www.jsit.edu.cn/,"400-188-7270,0510-85811518",160,,,,
安徽,马鞍山市,雨山区,马鞍山职业技术学院,1984,安徽省,0,0,0,0,596,理工类,专科（高职）,公办,zsb@mastc.edu.cn,安徽省马鞍山市霍里山中路328号,http://www.mastc.edu.cn/,"0555-2753032,0555-2753322",37,,,,
安徽,合肥市,蜀山区,安徽医学高等专科学校,1955,安徽省,0,0,0,0,680,医药类,专科（高职）,公办,ahyzzsb@163.com,"安徽省合肥市芜湖路387号（芜湖路校区）,安徽省合肥市芙蓉路632号（芙蓉路校区）",http://www.ahyz.cn/,0551-62860000,63,,,,
江苏,盐城市,盐都区,江苏医药职业学院,1941,江苏省,0,0,0,0,694,医药类,专科（高职）,公办,ywzjb@126.com,"解放校区：江苏省盐城市解放南路283号,建军校区：江苏省盐城市建军西路156号",http://www.jsycmc.com/,"0515-68812266,0515-68812299",92,,,,
江苏,南通市,南通经济技术开发区,江苏航运职业技术学院,1960,江苏省,0,0,0,0,1000,理工类,专科（高职）,公办,zhaosheng@ntsc.edu.cn,江苏省南通经济技术开发区通盛大道185号,http://www.ntsc.edu.cn,"0513-85960968,0513-85960868",121,,,,
江苏,苏州市,姑苏区,苏州农业职业技术学院,1907,江苏省,0,0,0,0,1616,农林类,专科（高职）,公办,snzsb111@163.com,江苏省苏州市西园路279号,http://www.szai.edu.cn,"0512-66098507,0512-66098509",151,,,,
江苏,镇江市,丹徒区,江苏大学京江学院,1999,江苏省教育厅,0,0,0,0,850,综合类,普通本科,民办,jjxyyb@ujs.edu.cn,镇江市学府路301号,http://jjxy.ujs.edu.cn/,0511-88780120,69,,,,
江苏,无锡市,滨湖区,无锡职业技术学院,1959,江苏省,0,0,0,0,850,理工类,专科（高职）,公办,zsb@wxit.edu.cn,"（太湖校区）：江苏省无锡市大学城高浪西路1600号,（中桥校区）：江苏省无锡市中南路258号",http://www.wxit.edu.cn,"0510-81838888,0510-85916111",152,,,,
江苏,南京市,江宁区,江苏海事职业技术学院,1951,江苏省,0,0,0,0,1629,综合类,专科（高职）,公办,jmizsb@126.com,南京市江宁大学城格致路309号,http://www1.jmi.edu.cn/,"025-86176007,400-828-1150",127,,,,
江苏,无锡市,惠山区,江南影视艺术职业学院,2003,江苏省教育厅,0,0,0,0,505,艺术类,专科（高职）,民办,jnyszb@126.com,江苏省无锡市钱胡路812号,http://www.jnys.cn,"0510-85551188,0510-85551881,0510-85551088",11,,,,
江苏,泰州市,海陵区,南京师范大学泰州学院,2004,江苏省教育厅,0,1,0,0,1035,师范类,普通本科,民办,,江苏省泰州市海陵区济川东路96号,https://www.nnutc.edu.cn/,"0523-86152006,0523-86152007",101,,,,
上海,上海市,松江区,上海视觉艺术学院,2005,上海市教委,0,0,0,0,1000,艺术类,普通本科,民办,,上海市松江区文翔路2200号,http://www.siva.edu.cn/,021-67823033,28,,,,
江苏,镇江市,句容市,江苏农林职业技术学院,1923,江苏省,0,0,0,0,6000,农林类,专科（高职）,公办,tang326bo@163.com,南京新东郊江苏省句容市文昌东路19号,http://www.jsafc.edu.cn/,"400-105-6166,0511-87290888",198,,,,
江苏,扬州市,邗江区,江海职业技术学院,1999,江苏省教育厅,0,0,0,0,1040,理工类,专科（高职）,民办,,江苏省扬州市扬子江南路5号,http://www.jhu.cn,"0514-87579903,0514-87579643",93,,,,
安徽,亳州市,谯城区,亳州学院,1909,安徽省,0,0,0,0,925,综合类,普通本科,公办,shenym@126.com,安徽省亳州市经济开发区汤王大道2266号,http://www.bzuu.edu.cn/,"0558-5598588,0558-5367133,0558-5367131",49,,,,
江苏,连云港市,海州区,连云港师范高等专科学校,1914,江苏省,0,0,0,0,1000,师范类,专科（高职）,公办,lygszzs@126.com,连云港市海州区圣湖路28号,http://www.lygsf.cn/,"0518-85986111,0518-85986168",66,,,,
江苏,南京市,海州区,江苏城市职业学院,2006,江苏省,0,0,0,0,0,综合类,专科（高职）,公办,jscvc@sohu.com,江苏南京市江东北路399号,http://www.jscvc.cn,"025-86265383,025-86265382,025-86265381",29,,,,
江苏,泰州市,靖江市,常州大学怀德学院,2002,江苏省教育厅,0,0,0,0,748,理工类,普通本科,民办,zsb@cczu.edu.cn,江苏省靖江市新港大道136号,http://hdc.cczu.edu.cn/,"0523-85120288,0523-85120299",65,,,,
江苏,南通市,通州区,南通理工学院,2000,江苏省教育厅,0,0,0,0,1200,综合类,普通本科,民办,zjb@ntpc.edu.cn,"南通校区（校本部）：江苏省南通市港闸经济开发区永兴路14号,海安新校区：江苏省海安市经济技术开发区上湖大道1号",https://www.ntit.edu.cn/,"0513-85601616,0513-85601818,0513-85601919",157,,,,
上海,上海市,徐汇区,上海理工大学中英国际学院,2000,上海理工大学,0,0,0,0,0,理工类,普通本科,中外合作办学,zhaosheng@sbc-usst.edu.cn,上海市徐汇区复兴中路1195号,https://www.sbc.usst.edu.cn/,021-64319899,7,,,,
安徽,合肥市,瑶海区,安徽涉外经济职业学院,2001,安徽省教育厅,0,0,0,0,680,财经类,专科（高职）,民办,,"安徽省合肥经济技术开发区金寨南路218号（南校区）,安徽省合肥市新站区职教城学府路1号（北校区）",http://www.ahaec-edu.cn/,"0551-64380133,0551-63858398",4,,,,
江苏,无锡市,滨湖区,无锡商业职业技术学院,1965,江苏省,0,0,0,0,1600,财经类,专科（高职）,公办,zhaoban@jscpu.com,江苏省无锡市钱胡路809号,http://www.wxic.edu.cn/,"0510-83270099,0510-83270055",192,,,,
江苏,南京市,江宁区,江苏经贸职业技术学院,1952,江苏省,0,0,0,0,1048,财经类,专科（高职）,公办,jsjmzb@163.com,南京市江宁区龙眠大道180号,https://www.jvic.edu.cn/,"025-52710189,025-52710208",192,,,,
江苏,无锡市,滨湖区,无锡南洋职业技术学院,1998,江苏省教育厅,0,0,0,0,0,理工类,专科（高职）,民办,xyzb@wsoc.edu.cn,江苏无锡太湖山水城旅游区山水西路88号,http://www.wsoc.edu.cn/,"0510-85551105,0510-85553200",74,,,,
上海,上海市,浦东新区,上海民远职业技术学院,1998,上海市教委,0,0,0,0,120,财经类,专科（高职）,民办,,上海市浦东新区唐陆路3892号,http://www.shmy.edu.cn,"021-68796666,021-58966900",1,,,,
上海,上海市,浦东新区,上海电影艺术职业学院,2003,上海市教委,0,0,0,0,65,艺术类,专科（高职）,民办,sfaa50271101@126.com,上海市浦东新区达尔文路188号,http://www.shfilmart.com,"021-50273668,021-50392087",4,,,,
上海,上海市,浦东新区,上海工商外国语职业学院,2001,上海市教委,0,0,0,0,320,语言类,专科（高职）,民办,,上海市浦东新区惠南镇观海路505号,http://www.sicp.edu.cn/,"021-68020551,021-68021818",12,,,,
浙江,杭州市,滨江区,杭州医学院,1925,浙江省,0,3,0,0,754,医药类,普通本科,公办,zjmczsb@126.com,浙江省杭州市滨江区滨文路481号,http://www.hmc.edu.cn/,0571-87692654,75,,,,
浙江,宁波市,鄞州区,宁波城市职业技术学院,1992,浙江省,0,0,0,0,420,综合类,专科（高职）,公办,zsjyc@nbcc.cn,浙江宁波高教园区学府路9号,http://www.nbcc.cn/,"0574-88122233,0574-88122255,0574-88122266",76,,,,
浙江,宁波市,北仑区,宁波职业技术学院,1999,浙江省,0,0,0,0,0,综合类,专科（高职）,公办,nzyjy@126.com,宁波经济技术开发区庐山东路388号,http://www.nbpt.edu.cn/,"0574-86891301,0574-86891302",78,,,,
浙江,金华市,婺城区,金华职业技术学院,1994,浙江省,0,0,0,0,2346,综合类,专科（高职）,公办,zsjyc@jhc.cn,浙江省金华市海棠西路888号,https://www.jhc.cn/,"0579-82265227,0579-82265035,0579-82265228",148,,,,
浙江,杭州市,上城区,浙江艺术职业学院,1999,浙江省,0,0,0,0,230,艺术类,专科（高职）,公办,zjartzs@sina.com,杭州市滨江区滨文路518号,http://www.zj-art.com/,"0571-87150116,0571-87150181,0571-87150089",71,,,,
浙江,温州市,瓯海区,温州职业技术学院,1965,浙江省,0,0,0,0,1237,综合类,专科（高职）,公办,wzvtc@wzvtc.cn,浙江省温州市茶山高教园区（温州大学城）,http://www.wzvtc.cn/,"0577-86680020,0577-86680085",84,,,,
浙江,绍兴市,越城区,浙江工业职业技术学院,1979,浙江省,0,0,0,0,912,综合类,专科（高职）,公办,zszjipc@126.com,绍兴市镜湖新区曲屯路151号,http://www.zjipc.com/,"0575-88009064,0575-88009130,0575-88009128",98,,,,
浙江,宁波市,北仑区,武警海警学院,1983,公安部,0,0,0,0,500,政法类,普通本科,公办,gahjxyzb@163.com,浙江省宁波市北仑区小港红联振兴西路205号,,0574-86166858,37,,,,
浙江,衢州市,柯城区,衢州职业技术学院,1912,浙江省,0,0,0,0,387,理工类,专科（高职）,公办,zs0570@126.com,浙江省衢州市柯城区白云街道江源路18号,http://www.qzct.net/,0570-8068678,77,,,,
浙江,杭州市,上城区,浙江同济科技职业学院,1962,浙江省,0,0,0,0,999,理工类,专科（高职）,公办,tk_edu@163.com,杭州市萧山区宁围街道耕文路418号,http://www.zjtongji.edu.cn/,"0571-83863688,0571-83863268",100,,,,
浙江,宁波市,鄞州区,宁波卫生职业技术学院,1925,浙江省,0,0,0,0,359,医药类,专科（高职）,公办,,宁波市高教园区（南区）学府路51号,http://www.nbchs.net/,0574-88126099,68,,,,
浙江,嘉兴市,南湖区,嘉兴职业技术学院,1950,浙江省,0,0,0,0,1180,综合类,专科（高职）,公办,zsb@jxvtc.net,浙江省嘉兴市桐乡大道547号,http://www.jxvtc.edu.cn/default.html,"0573-89978123,0573-89978111,0573-89978066",109,,,,
浙江,杭州市,钱塘区,浙江经济职业技术学院,1978,浙江省,0,0,0,0,577,财经类,专科（高职）,公办,zsb@zjtie.edu.cn,中国浙江省杭州经济技术开发区学正街66号,http://www.zjtie.edu.cn/,"0571-86928113,0571-86928112",108,,,,
浙江,杭州市,萧山区,浙江旅游职业学院,1983,浙江省,0,0,0,0,1080,其他,专科（高职）,公办,student@tczj.net,浙江省杭州市萧山高教园区,https://www.tourzj.edu.cn/,"0571-83686945,0571-83899739",75,,,,
浙江,温州市,鹿城区,浙江工贸职业技术学院,1960,浙江省,0,0,0,0,1100,综合类,专科（高职）,公办,zjets@mail.zjitc.net,"府东路校区：温州市鹿城区府东路717号,瓯江口校区：温州市瓯江口产业集聚区雁云路301号",http://www.zjitc.net/,0577-88321500,119,,,,
浙江,杭州市,钱塘区,杭州职业技术学院,2002,浙江省,0,0,0,0,1000,综合类,专科（高职）,公办,86916835@163.com,杭州下沙高教园区学源街68号,http://www.hzvtc.edu.cn/,0571-56700035,74,,,,
浙江,杭州市,西湖区,浙江树人学院,1984,浙江省教育厅,0,0,0,0,1230,理工类,普通本科,民办,,浙江省杭州市拱墅区树人路8号,http://www.zjsru.edu.cn/,0571-88297000,3,,,,
浙江,舟山市,定海区,浙江国际海运职业技术学院,1979,浙江省,0,0,0,0,600,综合类,专科（高职）,公办,zimc@zimc.cn,浙江省舟山市临城新区海天大道268号,http://www.zimc.cn/,"0580-2095114,0580-2095036,0580-2095002",80,,,,
浙江,杭州市,江干区,浙江警官职业学院,1984,浙江省,0,0,0,0,524,政法类,专科（高职）,公办,zs@zjjy.com.cn,浙江省杭州市下沙高教园区二号大街,http://www.zjjy.com.cn/,"0571-86878161,0571-86836631",56,,,,
浙江,丽水市,莲都区,丽水职业技术学院,1910,浙江省,0,0,0,0,470,综合类,专科（高职）,公办,ls2886316@lszjy.com,浙江省丽水市莲都区中山街北357号,http://www.lszjy.com/,"0578-2122447,0578-2293387,0578-2123456",77,,,,
浙江,金华市,义乌市,义乌工商职业技术学院,1993,浙江省,0,0,0,0,1000,综合类,专科（高职）,公办,zsb@ywu.cn,浙江省义乌市学院路2号,https://www.ywicc.edu.cn/,0579-85633555,185,,,,
浙江,宁波市,镇海区,浙江纺织服装职业技术学院,1979,浙江省,0,0,0,0,600,理工类,专科（高职）,公办,f86328888@126.com,浙江省宁波市江北区风华路495号,http://www.zjff.net/,"0574-86328888,0574-86328004",91,,,,
浙江,金华市,东阳市,浙江广厦建设职业技术大学,1985,浙江省教育厅,0,0,0,0,480,理工类,普通本科,民办,zhaosheng@mail.guangshaxy.com,浙江省东阳市广福东街1号,http://www.guangshaxy.com/,0579-86668888,94,,,,
浙江,宁波市,鄞州区,浙江医药高等专科学校,1984,浙江省,0,0,0,0,833,医药类,专科（高职）,公办,zhangda2044@zjmc.net.cn,"鄭州校区:浙江省宁波市鄞县大道东段888号,奉化校区:浙江省宁波市奉化区四明路666号",http://www.zjpc.net.cn/,"0574-88222701,0574-88367831,0574-88224232",77,,,,
浙江,温州市,龙湾区,浙江东方职业技术学院,2002,浙江省教育厅,0,0,0,0,494,综合类,专科（高职）,民办,zsb@mail.zjdfc.com,温州市经济技术开发区金海三道433号,http://www.zjdfc.com/,"0577-86533927,0577-86556791,0577-86533901",71,,,,
浙江,杭州市,余杭区,浙江交通职业技术学院,1958,浙江省,0,0,0,0,619,理工类,专科（高职）,公办,zhbb@zjvtit.edu.cn,浙江省杭州市莫干山路1515号,http://www.zjvtit.edu.cn/,"0571-88481880,0571-88481758",60,,,,
浙江,嘉兴市,秀洲区,嘉兴南洋职业技术学院,2002,浙江省教育厅,0,0,0,0,580,综合类,专科（高职）,民办,jxny2189@163.com,浙江省嘉兴市大德路999号,http://www.jxnyc.net/,"0573-82302189,0573-82301914,0573-82300617",38,,,,
浙江,杭州市,萧山区,浙江体育职业技术学院,2004,浙江省,0,0,0,0,602,体育类,专科（高职）,公办,zqx7007@163.com,杭州市萧山区萧山高教园区弘慧路,http://www.zjcs.net.cn/,0571-83871131,15,,,,
浙江,杭州市,西湖区,杭州万向职业技术学院,1950,浙江省教育厅,0,0,0,0,262,综合类,专科（高职）,民办,hzwxtjh@yahoo.com.cn,"浙江省杭州市西湖区花蒋路3号（2号校区）,浙江省杭州市西湖区西溪路896号（1号校区）",http://www.wxpoly.cn/,"0571-87154000,0571-87171816",19,,,,
安徽,淮北市,相山区,淮北职业技术学院,1970,安徽省,0,0,0,0,1000,综合类,专科（高职）,公办,hbzjyzsb@163.com,安徽省淮北市相阳路146号（东区）,http://www.hbvtc.net,"0561-3113072,0561-3113073,0561-3222518",27,,,,
浙江,杭州市,钱塘区,浙江育英职业技术学院,1998,浙江省教育厅,0,0,0,0,0,财经类,专科（高职）,民办,yyzhaob@126.com,杭州经济技术开发区（下沙高教园区）4号大街16号,http://www.zjyyc.com/,0571-86911032,54,,,,
浙江,杭州市,西湖区,浙江长征职业技术学院,2004,浙江省教育厅,0,0,0,0,0,综合类,专科（高职）,民办,zs@zjczxy.cn,浙江省杭州市西湖区小和山高教园区留和路525号,http://www.zjczxy.cn/,"0571-85076777,0571-85076628",43,,,,
浙江,绍兴市,上虞区,浙江邮电职业技术学院,1958,浙江省,0,0,0,0,500,理工类,专科（高职）,公办,zs@zptc.cn,浙江省绍兴市滨海新城开元东路88号,http://www.zptc.cn/,"0575-88053348,0575-88052795",46,,,,
安徽,合肥市,蜀山区,合肥师范学院,1955,安徽省,0,0,0,0,1295,综合类,普通本科,公办,zsb@hfnu.edu.cn,"安徽省合肥市金寨路327号（三孝口校区）,安徽省合肥市经济技术开发区莲花路1688号（锦绣校区）",http://www.hfnu.edu.cn,"0551-63674808,0551-62836350",57,,,,
安徽,合肥市,瑶海区,安徽职业技术学院,1958,安徽省,0,0,0,0,1298,综合类,专科（高职）,公办,ahzyxsc@uta.edu.cn,合肥市新站区文忠路2600号,https://www.uta.edu.cn/,"0551-64689666,0551-63417829,0551-64689555",57,,,,
安徽,马鞍山市,雨山区,马鞍山师范高等专科学校,1958,安徽省,0,0,0,0,281,师范类,专科（高职）,公办,zb@massz.cn,安徽省马鞍山市雨山区湖西中路85号,https://www.massz.edu.cn/,"0555-8215015,18955530440",31,,,,
浙江,台州市,黄岩区,台州科技职业学院,1921,浙江省,0,0,0,0,525,综合类,专科（高职）,公办,zsjyc@tzvcst.net,浙江省台州市黄岩区嘉木路288号,https://www.tzvcst.edu.cn/,"0576-89188199,0576-89188299",103,,,,
安徽,安庆市,宜秀区,安庆医药高等专科学校,1943,安徽省,0,0,0,0,630,医药类,专科（高职）,公办,,安徽省安庆市集贤北路1588号,http://www.aqmc.edu.cn/,0556-5306168,35,,,,
安徽,芜湖市,桐城市,芜湖职业技术学院,1903,安徽省,0,0,0,0,1200,理工类,专科（高职）,公办,zsjyc601@126.com,"南校区：芜湖市城南高校园区文津西路201号,北校区：芜湖市银湖北路62号",http://www.whit.edu.cn/,0553-5775161,71,,,,
安徽,芜湖市,弋江区,安徽商贸职业技术学院,1903,安徽省,0,0,0,0,674,财经类,专科（高职）,公办,zhaosheng@abc.edu.cn,安徽省芜湖市弋江区文昌西路24号,http://www.abc.edu.cn/,"0553-5971066,0553-5971046",120,,,,
安徽,芜湖市,弋江区,安徽中医药高等专科学校,1960,安徽省,0,0,0,0,997,医药类,专科（高职）,公办,ahzyygzbgs@yahoo.com.cn,安徽省芜湖市乌霞山西路18号,http://www.ahzyygz.com,0553-4836138,68,,,,
安徽,合肥市,包河区,安徽工业经济职业技术学院,1979,安徽省,0,0,0,0,531,财经类,专科（高职）,公办,zsb410@163.com,安徽省合肥市梁园路1号,http://www.ahiec.net,"0551-63639537,0551-63636410,0551-63628118",51,,,,
安徽,淮南市,谢家集区,安徽工贸职业技术学院,1988,安徽省,0,0,0,0,1400,理工类,专科（高职）,公办,gmzs@ahedu.gov.cn,安徽省淮南市国庆西路199号,http://www.ahgmedu.cn/,"0554-6808022,0554-6808829,0554-6806915",18,,,,
安徽,合肥市,肥东县,安徽水利水电职业技术学院,1952,安徽省,0,0,0,0,1241,理工类,专科（高职）,公办,ahsyzjb@126.com,安徽省合肥市东门合马路18号,https://www.ahsdxy.edu.cn/,"0551-67316958,0551-67316808",39,,,,
安徽,宿州市,埇桥区,宿州职业技术学院,1950,安徽省,0,0,0,0,960,理工类,专科（高职）,公办,szzyzjb@126.com,安徽省宿州市宿符路,http://www.szzy.ah.cn,0557-3603554,17,,,,
安徽,蚌埠市,龙子湖区,蚌埠学院,1976,安徽省,0,0,0,0,1128,理工类,普通本科,公办,bbxyzb@163.com,安徽省蚌埠市曹山路1866号,,0552-3177008,21,,,,
安徽,合肥市,包河区,安徽交通职业技术学院,1956,安徽省,0,0,0,0,270,理工类,专科（高职）,公办,ahjyzs@yahoo.com.cn,"（北区）合肥市太湖东路22号,（南区）合肥市青年路114号",http://www.ahctc.com,0551-63444228,41,,,,
浙江,杭州市,滨江区,浙江警察学院,1949,浙江省,0,0,0,0,861,政法类,普通本科,公办,,浙江杭州市滨江区滨文路555号,http://www.zjjcxy.cn/,,113,,,,
安徽,合肥市,蜀山区,合肥职业技术学院,1951,安徽省,0,0,0,0,1260,综合类,专科（高职）,公办,zs@htc.edu.cn,"合肥市新站区关井路与烈山路交汇处（合肥汇心湖校区）,合肥市巢湖市姥山南路（巢湖鼓山校区）",http://www.htc.edu.cn/,"0551-82364313,0551-82364123",68,,,,
安徽,淮南市,田家庵区,淮南联合大学,1984,安徽省,0,0,0,0,800,综合类,专科（高职）,公办,hnldzsb@hnuu.edu.cn,安徽省淮南市洞山西路,http://www.hnuu.edu.cn,"0554-6862689,0554-6862690,0554-6862688",16,,,,
安徽,阜阳市,颍州区,阜阳职业技术学院,1956,安徽省,0,0,0,0,1155,理工类,专科（高职）,公办,fyzyzsb@126.com,安徽省阜阳市阜南路465号,http://www.fyvtc.edu.cn/,"0558-2182600,0558-2179015,0558-2182633",55,,,,
安徽,宣城市,宣州区,宣城职业技术学院,2002,安徽省,0,0,0,0,840,理工类,专科（高职）,公办,xczyjob@163.com,安徽省宣城市薰化路698号,https://www.xcvtc.edu.cn/,"0563-3395678,0563-2716272",28,,,,
安徽,合肥市,包河区,安徽体育运动职业技术学院,1954,安徽省,0,0,0,0,700,体育类,专科（高职）,公办,,安徽省合肥市包河区花园大道595号,http://www.ahty.net/,"0551-63686550,0551-63685385",16,,,,
安徽,合肥市,瑶海区,安徽广播影视职业技术学院,1960,安徽省,0,0,0,0,619,艺术类,专科（高职）,公办,xueshengchu13062@163.com,安徽省合肥市新站区高教城文忠路与学府路交口,http://www.amtc.edu.cn/,"0551-64200251,0551-64200256,0551-64200252",20,,,,
安徽,铜陵市,铜官区,铜陵职业技术学院,1958,安徽省,0,0,0,0,1051,理工类,专科（高职）,公办,,安徽省铜陵市翠湖四路2689号,http://www.tlpt.net.cn,0562-5813171,55,,,,
安徽,合肥市,长丰县,安徽工商职业学院,1950,安徽省,0,0,0,0,450,财经类,专科（高职）,公办,,"双凤校区：安徽省合肥市双凤经济开发区金宁路北16号,庐阳校区：安徽省合肥市砀山路233号",http://www.ahbvc.edu.cn,"0551-65684886,0551-65659302",63,,,,
安徽,蚌埠市,龙子湖区,安徽电子信息职业技术学院,2001,安徽省,0,0,0,0,849,理工类,专科（高职）,公办,ahdzzjb@sina.com,安徽省蚌埠市大学园区曹山路1000号,http://www.ahdy.edu.cn/,"0552-3172929,0552-3172909",32,,,,
安徽,池州市,贵池区,池州职业技术学院,2002,安徽省,0,0,0,0,770,理工类,专科（高职）,公办,cenyouyou@163.com,安徽省池州市建设西路389号,http://www.czgz.cn,"0566-2091931,0566-2090519",34,,,,
安徽,马鞍山市,雨山区,安徽冶金科技职业学院,2003,安徽省,0,0,0,0,330,理工类,专科（高职）,公办,ahyky@sina.com,安徽马鞍山市湖西南路555号,https://www.avcmt.edu.cn/,"0555-8325046,0555-8325045",11,,,,
安徽,亳州市,谯城区,亳州职业技术学院,1987,安徽省,0,0,0,0,471,理工类,专科（高职）,公办,zjc05585587000@163.com,亳州市药都路1625号,http://www.bzy.edu.cn/,0558-5587000,42,,,,
安徽,合肥市,瑶海区,安徽城市管理职业学院,1981,安徽省,0,0,0,0,563,综合类,专科（高职）,公办,k2516136@126.com,"磨店校区：安徽省合肥市新站区淮海大道300号,经开校区：安徽省合肥市经济技术开发区耕云路158号",http://www.cua.edu.cn,"0551-62516137,0551-62516138",38,,,,
安徽,滁州市,琅琊区,滁州职业技术学院,2000,安徽省,0,0,0,0,1140,理工类,专科（高职）,公办,992587683@qq.com,安徽省滁州市丰乐大道2188号（龙蟠校区）,https://www.chzc.edu.cn/,"0550-3854668,0550-3854670,0550-3854672",97,,,,
安徽,六安市,金安区,安徽国防科技职业学院,1974,安徽省,0,0,0,0,330,理工类,专科（高职）,公办,zsb4000@163.com,安徽省六安市新河东路2号,https://www.acdt.edu.cn/,"0564-3384000,0564-3383486",20,,,,
安徽,合肥市,庐阳区,安徽中澳科技职业学院,1979,安徽省,0,0,0,0,200,理工类,专科（高职）,公办,jiaowu@acac.cn,安徽省合肥市濉溪路312号,http://www.acac.cn,"0551-65148006,0551-65148355",17,,,,
安徽,合肥市,长丰县,安徽国际商务职业学院,1980,安徽省,0,0,0,0,520,财经类,专科（高职）,公办,1851653325@qq.com,合肥市双凤开发区魏武路001号,http://www.ahiib.edu.cn,"0551-66319766,0551-66319748",31,,,,
安徽,合肥市,包河区,安徽审计职业学院,1984,安徽省,0,0,0,0,395,财经类,专科（高职）,公办,caipingsj63@163.com,合肥经济技术开发区方兴大道509号,http://www.ahsjxy.edu.cn/,"0551-63617003,0551-63617105",19,,,,
安徽,合肥市,肥东县,安徽财贸职业学院,1964,安徽省,0,0,0,0,500,财经类,专科（高职）,公办,aczjb@126.com,安徽省合肥市翡翠路900号,http://www.afc.edu.cn,"0551-63865888,0551-63865657",35,,,,
安徽,合肥市,蜀山区,安徽新华学院,2000,安徽省教育厅,0,0,0,0,1500,综合类,普通本科,民办,zsb@axhu.cn,安徽省合肥市高新区望江西路555号,http://www.axhu.edu.cn,"0551-65872666,0551-65872888,0551-65872766,0551-65872866",81,,,,
安徽,六安市,金安区,六安职业技术学院,2001,安徽省,0,0,0,0,1500,理工类,专科（高职）,公办,webmaster@luanteccol.net.cn,安徽省六安市正阳路1号,http://www.lvtc.edu.cn/,"0564-3713016,0564-3711032",40,,,,
安徽,合肥市,蜀山区,安徽新闻出版职业技术学院,1999,安徽省,0,0,0,0,173,理工类,专科（高职）,公办,zsb@ahcbxy.cn,合肥经济技术开发区繁华大道220号（明珠广场东1公里）,http://www.ahcbxy.edu.cn/,"0551-63817970,0551-63838746",24,,,,
安徽,合肥市,蜀山区,安徽绿海商务职业学院,2007,安徽省教育厅,0,0,0,0,360,财经类,专科（高职）,民办,lhzs2007@163.com,安徽省合肥市经济技术开发区合安路68号,http://www.lhub.cn/ ,"0551-63350116,0551-63350117",7,,,,
安徽,芜湖市,弋江区,安徽机电职业技术学院,1935,安徽省,0,0,0,0,520,理工类,专科（高职）,公办,ahjd_zsb@126.com,安徽省芜湖市高校园区文津西路16号,http://www.ahcme.edu.cn,"0553-5975116,0553-5975118",56,,,,
安徽,池州市,贵池区,池州学院,1977,安徽省,0,0,0,0,1959,综合类,普通本科,公办,zsb@czu.edu.cn,安徽省池州市教育园区,http://www.czu.edu.cn/,"0566-2748992,0566-2748627",68,,,,
安徽,合肥市,蜀山区,合肥通用职业技术学院,2000,安徽省,0,0,0,0,440,理工类,专科（高职）,公办,hftyxy@126.com,安徽省合肥市长江西路888号,,"0551-65335652,0551-65319638",3,,,,
安徽,合肥市,蜀山区,安徽警官职业学院,1981,安徽省,0,0,0,0,309,政法类,专科（高职）,公办,ahjgxy2233386@163.com,"西校区：合肥市蜀山区清溪路78号,东校区：合肥市蜀山区清溪路13号",http://www.ahjgxy.com,0551- 62233386‬,91,,,,
安徽,合肥市,瑶海区,合肥共达职业技术学院,2007,安徽省教育厅,0,0,0,0,329,理工类,专科（高职）,民办,gdxyzjb@163.com,"合肥新站高新技术产业开发区九顶山路68号（九顶山路校区）,合肥市庐阳区六安路269号（六安路校区）",http://www.hfgdxy.cn/,0551-62720255,4,,,,
安徽,合肥市,蜀山区,安徽林业职业技术学院,1952,安徽省,0,0,0,0,400,农林类,专科（高职）,公办,ahlyxy@126.com,安徽省合肥市玉兰大道99号,http://www.ahlyxy.cn,0551-65311686,19,,,,
安徽,铜陵市,铜官区,安徽工业职业技术学院,1984,安徽省,0,0,0,0,760,理工类,专科（高职）,公办,agzybgs@163.com,安徽省铜陵市长江西路274号,http://www.ahip.cn,"0562-2872767,0562-2866257",23,,,,
安徽,合肥市,合肥高新技术产业开发区,民办万博科技职业学院,2000,安徽省教育厅,0,0,0,0,800,综合类,专科（高职）,民办,wbc@wbc.edu.cn,合肥市高新技术产业开发区创业西路1号,http://www.wbc.edu.cn,"0551-65316726,0551-65334292",0,,,,
安徽,合肥市,蜀山区,安徽邮电职业技术学院,1948,安徽省,0,0,0,0,160,理工类,专科（高职）,公办,ahptczs@126.com,合肥市蜀山区潜山路382号,http://www.ahptc.cn/cn,"0551-62231188,0551-62231031",10,,,,
安徽,合肥市,庐阳区,民办合肥经济技术职业学院,2001,安徽省教育厅,0,0,0,0,189,综合类,专科（高职）,民办,hfjjxy@163.com,合肥市环湖东路中段360号,http://www.hfet.com,"0551-65630870,0551-65630887",0,,,,
浙江,绍兴市,越城区,绍兴职业技术学院,1999,浙江省教育厅,0,0,0,0,512,理工类,专科（高职）,民办,zsyjyc@sxvtc.com,绍兴市越城区山阴路526号,http://www.sxvtc.com/,"0575-88329488,0575-88054099",64,,,,
安徽,合肥市,合肥经济技术开发区,民办合肥财经职业学院,2006,安徽省教育厅,0,0,0,0,841,财经类,专科（高职）,民办,736905799@qq.com,合肥经济技术开发区大学城汤口路中段（方兴校区）,http://www.hffe.cn,"0551-63690830,0551-63690801",0,,,,
安徽,合肥市,庐阳区,安徽文达信息工程学院,2001,安徽省教育厅,0,0,0,0,703,理工类,普通本科,民办,138583277@qq.com,安徽省合肥市紫蓬山风景区森林大道三号,http://www.wendaedu.com.cn,0551-68583277,45,,,,
安徽,蚌埠市,固镇县,蚌埠经济技术职业学院,2007,安徽省教育厅,0,0,0,0,500,财经类,专科（高职）,民办,bbzsjy@163.com,安徽省蚌埠市蚌固路中段,http://www.bjy.ah.cn,0552-2125678,3,,,,
安徽,合肥市,包河区,安徽电气工程职业技术学院,1979,安徽省,0,0,0,0,199,理工类,专科（高职）,公办,huangzhuyong@163.com,合肥市包河区包河大道56号,http://www.aepu.com.cn/,"0551-63705512,0551-63705636,0551-63705508",26,,,,
安徽,合肥市,蜀山区,安徽三联学院,1997,安徽省教育厅,0,0,0,0,780,理工类,普通本科,民办,zb@sanliangroup.com.cn,"主校区位于安徽省合肥市经济技术开发区合安路47号,亿华校区位于安徽省合肥市东华大道100号（护理学院）",https://www.slu.edu.cn/,"0551-63830736,0551-63826339",128,,,,
安徽,合肥市,蜀山区,安徽艺术职业学院,1956,安徽省,0,0,0,0,170,艺术类,专科（高职）,公办,ahyxcxf25@sina.com,"合肥市宣城路16号（宣城路校区）,合肥市经济技术开发区丹霞路8号（丹霞路校区）",http://www.artah.cn,"0551-64655938,0551-63876268",33,,,,
安徽,淮南市,田家庵区,淮南职业技术学院,2000,安徽省,0,0,0,0,600,理工类,专科（高职）,公办,hnvtczsb@sohu.com,安徽淮南洞山林场路1号,http://www.hnvtc.cn/,"0554-6640567,0554-6647358,0554-6656532",17,,,,
安徽,安庆市,迎江区,安庆职业技术学院,2003,安徽省,0,0,0,0,744,理工类,专科（高职）,公办,aqzsjyc@163.com,安徽省安庆市天柱山东路99号,https://www.aqvtc.edu.cn/,"0556-5283049,0556-5283080,0556-5283011",37,,,,
安徽,阜阳市,颍州区,阜阳科技职业学院,1984,安徽省教育厅,0,0,0,0,300,理工类,专科（高职）,民办,573975966@qq.com,安徽省阜阳市清河西路99号,http://www.fky.net.cn/,"0558-2567108,0558-2567219",0,,,,
江苏,苏州市,张家港市,沙洲职业工学院,1984,江苏省,0,0,0,0,530,理工类,专科（高职）,公办,xsc@szit.edu.cn,江苏省苏州张家港市福新路1号,http://www.szit.edu.cn,0512-56730120,78,,,,
江苏,南京市,姑苏区,江苏联合职业技术学院,2003,江苏省,0,0,0,0,10000,理工类,专科（高职）,公办,,南京市中山门外麒麟门麒西路68号,http://www.juti.cn/,"025-84124716,025-84124508",38,,,,
江苏,淮安市,清江浦区,江苏电子信息职业学院,1978,江苏省,0,0,0,0,1080,理工类,专科（高职）,公办,haxxzs@qq.com,江苏省淮安科教产业园枚乘东路3号,,0517-83808080,110,,,,
江苏,南通市,崇川区,南通职业大学,1973,江苏省,0,0,0,0,1000,理工类,专科（高职）,公办,,南通市青年中路89号,http://www.ntvu.edu.cn,"0513-81050716,0513-81050718",72,,,,
江苏,苏州市,虎丘区,苏州工艺美术职业技术学院,1958,江苏省,0,0,0,0,561,艺术类,专科（高职）,公办,zsjy@sgmart.edu.cn,苏州市吴中大道国际教育园南区致能大道189号,https://www.sgmart.edu.cn/,"0512-66875617,0512-66501984,0512-66503847",127,,,,
江苏,无锡市,惠山区,无锡城市职业技术学院,1911,江苏省,0,0,0,0,822,财经类,专科（高职）,公办,583454961@qq.com,江苏省无锡市惠山区钱藕路12号（无锡市职教园内）,http://www.wxcu.edu.cn/,"0510-85522620,0510-83276099",171,,,,
江苏,泰州市,海陵区,泰州职业技术学院,1958,江苏省,0,0,0,0,1082,理工类,专科（高职）,公办,zsbtzy@163.com,江苏省泰州医药高新区天星路8号,http://www.tzpc.edu.cn,"0523-86055000,0523-86055001,0523-86055002",140,,,,
江苏,南京市,鼓楼区,江苏卫生健康职业学院,1933,江苏省,0,0,0,0,500,医药类,专科（高职）,公办,jsjkzyxyzb@163.com,南京市浦口区黄山岭路69号,http://www.jssmu.edu.cn/,"025-68172882,025-68172899",77,,,,
江苏,淮安市,清江浦区,江苏财经职业技术学院,2004,江苏省,0,0,0,0,810,财经类,专科（高职）,公办,jscjzsb@126.com,江苏省淮安市高教园区枚乘东路8号,http://www.jscjxy.cn/,"0517-83858686,0517-83858666",186,,,,
江苏,连云港市,海州区,连云港职业技术学院,1979,江苏省,0,0,0,0,1150,理工类,专科（高职）,公办,lygtczjb@126.com,江苏省连云港市晨光路2号,http://www.lygtc.edu.cn/index.html,"0518-85985555,0518-85985678",61,,,,
江苏,宿迁市,赣榆区,宿迁职业技术学院,2000,江苏省,0,0,0,0,500,理工类,专科（高职）,公办,502551990@qq.com,江苏省宿迁市湖滨新区学成路8号,http://www.sqzyxy.com/index.html,"0527-80805188,0527-80805177",9,,,,
江苏,镇江市,丹徒区,镇江市高等专科学校,1992,江苏省,0,0,0,0,1000,理工类,专科（高职）,公办,gzzb@zjc.edu.cn,江苏省镇江市高校园区长香西大道518号,http://www.zjc.edu.cn/,"0511-88965837,0511-88962859",36,,,,
江苏,南京市,玄武区,南京科技职业学院,1958,江苏省,0,0,0,0,740,理工类,专科（高职）,公办,,江苏省南京市江北新区欣乐路188号,http://www.njpi.edu.cn/,"025-57054841,025-58370715,025-57028510",144,,,,
江苏,苏州市,太仓市,苏州健雄职业技术学院,2004,江苏省,0,0,0,0,700,理工类,专科（高职）,公办,jianxiongzhaosheng@163.com,江苏省太仓市科教新城健雄路1号,http://www.wjxvtc.cn,"0512-53940832,0512-53940813",141,,,,
江苏,南通市,通州区,南通科技职业学院,1945,江苏省,0,0,0,0,600,农林类,专科（高职）,公办,ntnyzjb@126.com,江苏省南通市青年中路136号,,0513-85991313,82,,,,
江苏,南京市,高淳区,南京机电职业技术学院,1978,江苏省,0,0,0,0,380,理工类,专科（高职）,公办,,江苏省南京市高淳区鹿鸣大道33号,,"025-84120820,025-84170899",65,,,,
江苏,南京市,溧水区,南京视觉艺术职业学院,1999,江苏省教育厅,0,0,0,0,800,艺术类,专科（高职）,民办,,南京市溧水区柘宁东路116号,http://www.niva.cn,"025-57246666,025-57246677",19,,,,
江苏,盐城市,盐都区,盐城工业职业技术学院,1964,江苏省,0,0,0,0,330,理工类,专科（高职）,公办,ycfyzjc@126.com,江苏省盐城市解放南路285号,http://www.yctei.cn/,"0515-88583915,400-158-0515",80,,,,
江苏,南京市,江宁区,应天职业技术学院,1953,江苏省教育厅,0,0,0,0,600,理工类,专科（高职）,民办,zb@ytc.edu.cn,南京市江宁区将军大道666-6号,http://www.ytzyjsxy.cn/,"025-52739958,025-52739966,025-52739977",15,,,,
江苏,南京市,江宁区,正德职业技术学院,1998,江苏省教育厅,0,0,0,0,250,理工类,专科（高职）,民办,zdzb@zdxy.cn,南京市江宁经济技术开发区将军大道18号,http://zd.nuaa.edu.cn/,"025-52111077,025-52111827,025-52111229",20,,,,
江苏,无锡市,滨湖区,太湖创意职业技术学院,2007,江苏省教育厅,0,0,0,0,600,理工类,专科（高职）,民办,zb@thcyzy.org,江苏省无锡市钱荣路史巷160号,http://www.thcyzy.org,"0510-85528802,0510-85528805",3,,,,
江苏,苏州市,昆山市,苏州托普信息职业技术学院,2002,江苏省教育厅,0,0,0,0,0,理工类,专科（高职）,民办,200901632@qq.com,江苏省苏州昆山市巴城湖滨北路288号,http://www.szetop.com,0512-57650530,32,,,,
江苏,苏州市,昆山市,硅湖职业技术学院,1998,江苏省教育厅,0,0,0,0,739,理工类,专科（高职）,民办,zjb@usl.edu.cn,江苏省昆山市花桥国际商务城绿地大道168号,http://www.usl.edu.cn,"0512-57788000,0512-57788888,0512-57788999",31,,,,
江苏,苏州市,昆山市,昆山登云科技职业学院,2005,江苏省教育厅,0,0,0,0,696,理工类,专科（高职）,民办,dyc2005@126.com,江苏省苏州市昆山市马鞍山西路1058号,http://www.dyc.edu.cn,"0512-57899791,0512-57899792",23,,,,
江苏,无锡市,滨湖区,无锡太湖学院,2002,江苏省教育厅,0,0,0,0,2000,综合类,普通本科,民办,zb@wxu.edu.cn,江苏省无锡市钱荣路68号,http://www.wxu.edu.cn/,"0510-85509888,0510-85522008,0510-85503999",159,,,,
江苏,苏州市,苏州工业园区,苏州工业园区职业技术学院,1997,江苏省,0,0,0,0,345,理工类,专科（高职）,公办,,苏州工业园区独墅湖科教创新区若水路1号,http://www.ivt.edu.cn/,"0512-62557072,0512-62557073",65,,,,
江苏,徐州市,铜山区,九州职业技术学院,1993,江苏省教育厅,0,0,0,0,225,理工类,专科（高职）,民办,13931635@qq.com,江苏省徐州市铜山区嵩山路1号,http://www.jzp.edu.cn/,"0516-87370070,0516-87370071,0516-87370072",58,,,,
江苏,常州市,武进区,常州机电职业技术学院,1963,江苏省,0,0,0,0,942,理工类,专科（高职）,公办,1032@czmec.cn,江苏省常州市武进区鸣新中路26号,http://www.czimt.edu.cn,0519-86331666,100,,,,
江苏,无锡市,江阴市,江阴职业技术学院,1979,江苏省,0,0,0,0,695,理工类,专科（高职）,公办,jy86022665@163.com,江苏省无锡江阴锡澄路168号,http://www.jypc.org/,"0510-86028266,0510-86022798",154,,,,
上海,上海市,奉贤区,上海旅游高等专科学校,1979,上海市,0,0,0,0,326,财经类,专科（高职）,公办,wsq@shnu.edu.cn,上海市奉贤区海思路500号,http://www.sitsh.edu.cn/cms/,021-57126299,28,,,,
浙江,杭州市,拱墅区,浙大城市学院,1999,浙江省教育厅,0,0,0,0,1000,理工类,普通本科,公办,zs@zucc.edu.cn,杭州市湖州街51号,http://www.zucc.edu.cn/,0571-88018551,76,,,,
浙江,金华市,兰溪市,浙江师范大学行知学院,1999,浙江省教育厅,0,0,0,0,800,综合类,普通本科,民办,xzzjb@zjnu.cn,浙江省金华市二环北路3366号,http://www.zjxz.edu.cn/,"13957979992,0579-82291190",71,,,,
浙江,温州市,温州经济技术开发区,温州理工学院,2000,浙江省,0,0,0,0,902,师范类,普通本科,公办,ojxy@wzu.edu.cn,浙江省温州市高教园区（温州市瓯海区茶山镇）,https://www.ojc.zj.cn/,0577-86689999,19,,,,
浙江,湖州市,吴兴区,湖州学院,1999,浙江省,0,0,0,0,501,师范类,普通本科,公办,qzxy@hutc.zj.cn,浙江省湖州市学士路1号,http://qzxy.zjhu.edu.cn/,"0572-2321128,0572-2599555",20,,,,
浙江,宁波市,鄞州区,浙大宁波理工学院,2001,浙江省教育厅,0,0,0,0,1200,理工类,普通本科,公办,zsb@nit.net.cn,浙江省宁波市钱湖南路1号,http://www.nit.zju.edu.cn,"0574-88229100,0574-88130193",93,,,,
浙江,杭州市,柯桥区,浙江工业大学之江学院,1999,浙江省教育厅,0,0,0,0,820,理工类,普通本科,民办,zs@zjc.zjut.edu.cn,浙江省杭州市之江路182号,http://www.zzjc.edu.cn/,"0571-81112709,0571-81112699",94,,,,
浙江,金华市,金东区,上海财经大学浙江学院,2008,浙江省教育厅,0,0,0,0,1005,财经类,普通本科,民办,zs_sczy@126.com,浙江省金华市环城南路99号,http://www.shufe-zj.edu.cn/,0579-82166011,70,,,,
浙江,温州市,瓯海区,温州医科大学仁济学院,1999,浙江省教育厅,0,0,0,0,515,医药类,普通本科,民办,rjxyzsb@wzmc.edu.cn,"滨海校区位于温州市洞头区北岙街道海韵大道669号,茶山校区位于温州市茶山高教园区内,学院路校区位于温州市鹿城区学院西路82号",http://rjxy.wmu.edu.cn/,0577-86682000,9,,,,
浙江,舟山市,定海区,浙江海洋大学东海科学技术学院,2000,浙江省教育厅,0,0,0,0,500,农林类,普通本科,民办,zhdzsb@zjou.edu.cn,浙江省舟山市定海区海院路18号,http://dk.zjou.edu.cn/,"0580-2550022,0580-2554806,0580-8180821",32,,,,
浙江,绍兴市,越城区,绍兴文理学院元培学院,2000,浙江省教育厅,0,0,0,0,1100,师范类,普通本科,民办,ypjwc@zscas.edu.cn,浙江省绍兴市群贤中路2799号,http://www.ypc.edu.cn/,"0575-88345700,0575-88325662",81,,,,
浙江,嘉兴市,南湖区,同济大学浙江学院,2008,浙江省教育厅,0,0,0,0,830,综合类,普通本科,民办,zjxyzsb@tongji.edu.cn,浙江省嘉兴市泰宁路168号,https://www.tjzj.edu.cn/cn/index/index.html,"0573-82878536,0573-82878529",99,,,,
浙江,宁波市,海曙区,宁波财经学院,2001,浙江省教育厅,0,0,0,0,1700,理工类,普通本科,民办,Dhyzsb@nbdhyu.edu.cn,宁波市鄞州区学院路899号,http://www.nbdhyu.edu.cn/,"0574-88052238,0574-88052239",108,,,,
浙江,金华市,义乌市,中国计量大学现代科技学院,1999,浙江省教育厅,0,0,0,0,500,理工类,普通本科,民办,zsb@cjlu.edu.cn,浙江省杭州市下沙高教园区,https://xdkj.cjlu.edu.cn/,0571-86836066,19,,,,
浙江,宁波市,慈溪市,宁波大学科学技术学院,1999,浙江省教育厅,0,0,0,0,1000,综合类,普通本科,民办,kjxyzsb@nbu.edu.cn,浙江省宁波市镇海区庄市街道毓秀路505号,http://www.ndky.edu.cn/,"0574-87600018,0574-87609650",166,,,,
浙江,杭州市,滨江区,浙江中医药大学滨江学院,2000,浙江省教育厅,0,0,0,0,900,医药类,普通本科,民办,zsb@zcmu.edu.cn,"富春校区（浙江省杭州市富阳区百川街260号）,滨文校区（浙江省杭州市滨江区滨文路548号）",https://bjxy.zcmu.edu.cn/,0571-86613520,14,,,,
浙江,绍兴市,诸暨市,浙江农林大学暨阳学院,2000,浙江省教育厅,0,0,0,0,543,农林类,普通本科,民办,tmzsmxj@zafu.edu.cn,浙江省绍兴市诸暨市浦阳路77号,http://www.zjyc.edu.cn/,0571-87760666,94,,,,
浙江,杭州市,钱塘区,杭州师范大学钱江学院,1999,浙江省教育厅,0,0,0,0,906,师范类,普通本科,民办,,浙江省杭州市江干区下沙高教园区学林街16号,http://www.huqc.edu.cn/,0571-28865806,52,,,,
浙江,杭州市,桐庐县,浙江工商大学杭州商学院,1999,浙江省教育厅,0,0,0,0,542,财经类,普通本科,民办,zhaoban@mail.zjgsu.edu.cn,"桐庐校区：浙江杭州桐庐环城南路66号,教工路校区：浙江杭州教工路149号",http://www.zjhzcc.edu.cn/,0571-69936688,145,,,,
浙江,杭州市,余杭区,浙江理工大学科技与艺术学院,2000,浙江省教育厅,0,0,0,0,550,理工类,普通本科,民办,,浙江省绍兴市上虞区滨海新城康阳大道58号,http://www.ky.zstu.edu.cn/,"0571-86843333,0575-82001777",35,,,,
浙江,温州市,温州经济技术开发区,温州商学院,1999,浙江省教育厅,0,0,0,0,0,综合类,普通本科,民办,zs@wzbc.edu.cn,温州市茶山高教园区,http://www.wzbc.edu.cn/,0577-86698888,44,,,,
安徽,合肥市,庐阳区,合肥经济学院,2003,安徽省,0,0,0,0,1200,财经类,普通本科,民办,jjjsxy@ahau.edu.cn,合肥市高教基地（安徽省合肥市新站区学府路1号）,http://www.ahauetc.cn/,"0551-64380133,0551-63858398",17,,,,
安徽,合肥市,蜀山区,安徽医科大学临床医学院,2003,安徽省教育厅,0,0,0,0,1379,医药类,普通本科,民办,lcyxyzs@163.com,安徽省合肥市新站区相山路789号,http://cc.ahmu.edu.cn/,"0551-62532800,0551-62532900",23,,,,
安徽,芜湖市,弋江区,安徽师范大学皖江学院,2005,安徽省教育厅,0,0,0,0,3300,师范类,普通本科,民办,wjxyzsb@163.com,安徽省芜湖市九华北路171号,http://wjcollege.ahnu.edu.cn/,"0553-5773139,0553-5771509",88,,,,
安徽,芜湖市,芜湖经济技术开发区,安徽信息工程学院,2003,安徽省教育厅,0,0,0,0,1400,理工类,普通本科,民办,office@aiit.edu.cn,"新芜校区地址：安徽省芜湖市新芜经济开发区永和路1号,文津校区地址：安徽省芜湖市文津西路8号",http://www.aiit.edu.cn,"0553-3913555,0553-3913567",45,,,,
安徽,合肥市,瑶海区,安徽大学江淮学院,2003,安徽省教育厅,0,0,0,0,80,综合类,普通本科,民办,ahdxjhxyzs@126.com,"合肥市史河路8号（史河路校区）,合肥市泗州路40号（泗州路校区）",http://www.ahujhc.cn,"0551-65127392,0551-65108764",15,,,,
安徽,马鞍山市,雨山区,马鞍山学院,2003,安徽省教育厅,0,0,0,0,1016,理工类,普通本科,民办,agdgszs@ahut.edu.cn,安徽省马鞍山市当涂县姑孰镇黄池路8号,http://icc.ahut.edu.cn/,"0555-2900983,0555-2900997",29,,,,
安徽,淮北市,相山区,淮北师范大学信息学院,2004,安徽省教育厅,0,0,0,0,0,师范类,普通本科,民办,xxxyzsb@tom.com,安徽省淮北市相山区东山路100号,http://www.chnu.edu.cn/Category_782/Index.aspx,"0561-3805367,0561-3806032",40,,,,
安徽,马鞍山市,雨山区,皖江工学院,2008,安徽省教育厅,0,0,0,0,1353,理工类,普通本科,民办,admin@ask.cn,"安徽省马鞍山市霍里山大道333号,安徽省马鞍山市郑蒲港新区文天路6号",https://www.wjut.edu.cn/,"0555-5228888,0555-5222222,0555-5222666",31,,,,
浙江,嘉兴市,南湖区,嘉兴南湖学院,2003,浙江省,0,0,0,0,536,财经类,普通本科,公办,,浙江省嘉兴市越秀南路56号,http://nhxy.zjxu.edu.cn/,0573-83640000,61,,,,
安徽,淮南市,寿县,安徽现代信息工程职业学院,2008,安徽省教育厅,0,0,0,0,528,理工类,专科（高职）,民办,ahmiec@163.com,安徽省淮南市寿县通淝路,http://www.ahmodern.cn,"0554-4108666,0554-4108111",0,,,,
浙江,台州市,临海市,浙江汽车职业技术学院,1997,浙江省教育厅,0,0,0,0,0,理工类,专科（高职）,民办,jlzsb@geelyedu.com,浙江省临海市城东曹家路,http://www.geely.edu.cn/,"0576-85120098,0576-85120908",4,,,,
安徽,合肥市,肥西县,合肥信息技术职业学院,2009,安徽省教育厅,0,0,0,0,852,理工类,专科（高职）,民办,zsb@HFITU.cn,合肥市大学城九龙路115号（安徽大学新校区西门南500米）,http://www.hfitu.cn/,"0551-63690888,0551-63619008",2,,,,
安徽,合肥市,巢湖市,合肥城市学院,2003,安徽省,0,0,0,0,360,理工类,普通本科,民办,,安徽省合肥市黄麓科教园书香路1号,https://www.ajduc.edu.cn/,"0551-88569188,0551-88561222",5,,,,
安徽,合肥市,肥西县,徽商职业学院,1965,安徽省,0,0,0,0,232,理工类,专科（高职）,公办,huishangzb@sohu.com,"安徽省合肥市槽郢路15号（槽郢校区）,合肥紫蓬山风景区（紫蓬校区）",http://www.huishangedu.cn/,0551-68580900,16,,,,
安徽,淮北市,濉溪县,安徽矿业职业技术学院,1978,安徽省教育厅,0,0,0,0,800,综合类,专科（高职）,民办,ahkyzjc@163.com,安徽省淮北市相山区鹰山中路22号,http://www.anhky.com,"0561-5259286,0561-5259218,0561-5259310",5,,,,
安徽,蚌埠市,龙子湖区,蚌埠工商学院,2003,安徽省教育厅,0,0,0,0,1000,财经类,普通本科,民办,acszsb@aufe.edu.cn,安徽省蚌埠市东海大道7100号,http://acsxy.aufe.edu.cn,"0552-2566580,0552-2566673",26,,,,
安徽,阜阳市,颍州区,阜阳师范大学信息工程学院,2003,安徽省教育厅,0,0,0,0,555,综合类,普通本科,民办,xgzb@fync.edu.cn,安徽省阜阳市清河东路741号,http://cie.fynu.edu.cn/,0558-2595990,61,,,,
安徽,阜阳市,颍上县,民办安徽旅游职业学院,2007,安徽省教育厅,0,0,0,0,300,语言类,专科（高职）,民办,wangjue@tangedu.cn,安徽省颍上县城南新区南纬三路南侧,,"0558-4410055,0558-4429595",0,,,,
浙江,嘉兴市,海宁市,浙江财经大学东方学院,1999,浙江省教育厅,0,0,0,0,938,财经类,普通本科,民办,cyzsb@zufe.edu.cn,浙江省海宁市连杭经济开发区高新区仰山路2号,http://www.zufedfc.edu.cn/,"0571-87571501,0571-87571500",74,,,,
安徽,合肥市,合肥经济技术开发区,民办合肥滨湖职业技术学院,2002,安徽省教育厅,0,0,0,0,428,理工类,专科（高职）,民办,353712009@qq.com,合肥经济技术开发区方兴大道559号,http://www.hfbhxy.com,"0551-63825319,0551-63825276",0,,,,
浙江,温州市,瓯海区,温州科技职业学院,1950,浙江省,0,0,0,0,1700,综合类,专科（高职）,公办,zs@wzvcst.edu.cn,温州市六虹桥路1000号,http://www.wzvcst.cn/,0577-88412441,53,,,,
浙江,杭州市,西湖区,杭州电子科技大学信息工程学院,1999,浙江省教育厅,0,0,0,0,500,理工类,普通本科,民办,infozsb@hdu.edu.cn,杭州市临安区青山湖街道杭电路1号,http://www.hziee.edu.cn,"0571-58619193,0571-58619116",24,,,,
浙江,杭州市,富阳区,杭州科技职业技术学院,1978,浙江省,0,0,0,0,958,综合类,专科（高职）,公办,zsb@mail.hzaspt.edu.cn,浙江杭州富阳高科路198号,http://www.hzpt.edu.cn/,"0571-88935117,0571-88935118",77,,,,
浙江,绍兴市,越城区,浙江越秀外国语学院,1981,浙江省教育厅,0,0,0,0,1300,语言类,普通本科,民办,zs@yxc.cn,浙江省绍兴市越城区会稽路428号,http://www.zyufl.edu.cn/,"0575-88343001,0575-88343002,0575-88343003",145,,,,
江苏,南京市,栖霞区,南京理工大学紫金学院,1999,江苏省教育厅,0,0,0,0,613,理工类,普通本科,民办,,南京仙林大学城文澜路89号,http://zj.njust.edu.cn,"025-85786088,025-85786089,025-85786122",167,,,,
江苏,南京市,溧水区,南京工业大学浦江学院,1998,江苏省教育厅,0,0,0,0,4000,理工类,普通本科,民办,zs@njpji.cn,"南京市江宁区汤峰路96号（江宁校区）,南京市溧水区励学路9号（溧水校区）",http://www.njpji.cn,"025-57931196,025-57931197",102,,,,
江苏,连云港市,玄武区,南京医科大学康达学院,1999,江苏省教育厅,0,0,0,0,500,综合类,普通本科,民办,kdzjb@njmu.edu.cn,江苏省连云港市海州区花果山大道春晖路88号,http://kdc.njmu.edu.cn/,0518-80689550,57,,,,
江苏,南京市,江宁区,南京旅游职业学院,1978,江苏省,0,0,0,0,421,其他,专科（高职）,公办,zs@njith.net,南京市江宁区月华西路1号,https://www.nith.edu.cn/,"025-58591228,025-58591229,025-58096853",86,,,,
江苏,南通市,崇川区,南通大学杏林学院,1999,江苏省教育厅,0,0,0,0,1200,综合类,普通本科,民办,xlxgb@ntu.edu.cn,"启东校区（江苏南通启东市南海路1号）,崇川校区（江苏南通崇川区通京大道999号）",http://xlxy.ntu.edu.cn,0513-85015987,104,,,,
江苏,扬州市,广陵区,扬州市职业大学（扬州市广播电视大学）,1984,江苏省,0,0,0,0,1100,理工类,专科（高职）,公办,zsb@mail.yzpc.edu.cn,江苏省扬州市文昌西路458号,http://www.yzpc.edu.cn/,"0514-87697000,0514-87697010,0514-87697009",0,,,,
江苏,南京市,江宁区,南京传媒学院,2004,江苏省教育厅,0,0,0,0,1058,艺术类,普通本科,民办,xcb@cucn.edu.cn,江苏省南京市江宁区科学园弘景大道3666号,http://www.cucn.edu.cn,"025-86179886,025-86179887",166,,,,
江苏,泰州市,海陵区,南京中医药大学翰林学院,2005,江苏省教育厅,0,0,0,0,294,医药类,普通本科,民办,zsbtcm@126.com,江苏省泰州市中国医药城学院路6号,http://www.hlxy.edu.cn,"0523-82120000,400-180-0990",75,,,,
江苏,苏州市,吴中区,苏州城市学院,1998,江苏省,0,0,0,0,650,综合类,普通本科,公办,sdwzzs@qq.com,江苏省苏州市吴中区吴中大道1188号,http://www.sdwz.cn/,0512-66551901,22,,,,
江苏,南京市,浦口区,南京大学金陵学院,1998,江苏省教育厅,0,0,0,0,1011,综合类,普通本科,民办,xgb@nju.edu.cn,江苏省南京市浦口区学府路8号,http://www.jlxy.nju.edu.cn,"025-58646630,400-601-3646",90,,,,
江苏,扬州市,邗江区,扬州大学广陵学院,1998,江苏省教育厅,0,48,22,0,800,综合类,普通本科,民办,glxy@yzu.edu.cn,江苏省扬州市邗江南路199号,http://glxy.yzu.edu.cn,"0514-87994013,0514-87993999,0514-87993666,0514-879",113,,,,
江苏,苏州市,虎丘区,苏州信息职业技术学院,2009,江苏省,0,0,0,0,540,理工类,专科（高职）,公办,zb@szitu.cn,江苏省苏州市吴江区鲈乡南路1237号,http://www.szitu.cn,"0512-63118838,0512-63118999",26,,,,
江苏,南京市,玄武区,南京师范大学中北学院,1999,江苏省教育厅,0,0,0,0,900,综合类,普通本科,民办,nszbzsb@163.com,江苏省镇江市丹阳市正德路8号,http://www.nnudy.edu.cn/,0511-88150818,104,,,,
江苏,扬州市,邗江区,南京邮电大学通达学院,1999,江苏省教育厅,0,0,0,0,893,综合类,普通本科,民办,td@njupt.edu.cn,江苏省扬州市润扬南路33号,http://www.nytdc.edu.cn,"025-89716199,025-89716166",63,,,,
江苏,苏州市,虎丘区,苏州高博软件技术职业学院,2007,江苏省教育厅,0,0,0,0,500,理工类,专科（高职）,民办,zhaosheng@gist.edu.cn,江苏省苏州市高新区科技城青山路5号,http://www.gist.edu.cn/,"0512-62833125,0512-68836191",48,,,,
江苏,徐州市,贾汪区,江苏师范大学科文学院,2000,江苏省教育厅,0,0,0,0,1300,综合类,普通本科,民办,kwxyzsb@jsnu.edu.cn,江苏省徐州市铜山新区上海路101号,http://kwxy.jsnu.edu.cn/,"0516-80270222,0516-83403587,0516-80270277",112,,,,
江苏,苏州市,张家港市,江苏科技大学苏州理工学院,2002,江苏省教育厅,0,0,0,0,856,综合类,普通本科,民办,just_zjg_xgb@126.com,江苏省张家港市长兴中路8号,,0512-56731097,48,,,,
江苏,盐城市,射阳县,明达职业技术学院,1999,江苏省教育厅,0,0,0,0,800,理工类,专科（高职）,民办,278518372@qq.com,江苏省盐城市射阳经济开发区668号,http://www.mdut.cn/,"0515-82314629,0515-82314620,0515-82315089,0515-0515823",3,,,,
江苏,南京市,江宁区,南京航空航天大学金城学院,1999,江苏省教育厅,0,0,0,0,811,理工类,普通本科,民办,jcdzb@nuaa.edu.cn,南京市江宁区禄口街道航金大道88号,http://jc.nuaa.edu.cn/,"025-87190011,025-87190800",110,,,,
江苏,苏州市,昆山市,苏州大学应用技术学院,1997,江苏省教育厅,0,0,0,0,165,综合类,普通本科,民办,sdyyzsb@163.com,江苏省苏州市昆山周庄大学路1号,http://tec.suda.edu.cn/,"0512-82190377,0512-82190399,18896830132,1889683013",109,,,,
江苏,苏州市,吴中区,苏州科技大学天平学院,1999,江苏省教育厅,0,16,0,0,300,综合类,普通本科,民办,tpxy@mail.usts.edu.cn,苏州市高新区长江路55号,http://tpxy.usts.edu.cn/,"0512-68088778,0512-68096117,0512-68091930",64,,,,
浙江,衢州市,柯城区,衢州学院,1985,浙江省,0,0,0,0,863,综合类,普通本科,公办,zs@qzu.zj.cn,衢州市柯城区九华北大道78号,http://www.qzc.edu.cn/,0570-8015711,41,,,,
江苏,宿迁市,宿豫区,宿迁泽达职业技术学院,2007,江苏省教育厅,0,0,0,0,476,其他,专科（高职）,民办,957799075@qq.com,江苏省宿迁市湖滨新区学成路（原合欢路）66号,http://www.zdct.cn,"0527-84258855,0527-84258866,0527-84258868",44,,,,
安徽,滁州市,南谯区,滁州城市职业学院,1908,安徽省,0,0,0,0,1127,财经类,专科（高职）,公办,czcszyxy@163.com,安徽省滁州市醉翁西路101号,http://www.czcvc.net/,"0550-3566045,0550-3566123",55,,,,
安徽,黄山市,屯溪区,黄山职业技术学院,2010,安徽省,0,0,0,0,691,综合类,专科（高职）,公办,,安徽省黄山市屯溪区学院路1号,http://www.hszy.edu.cn/,"0559-2596966,0559-2596955",18,,,,
江苏,苏州市,苏州工业园区,苏州工业园区服务外包职业学院,2008,江苏省,0,0,0,0,424,理工类,专科（高职）,公办,sunh@siso.edu.cn,江苏省苏州独墅湖科教创新区若水路99号,http://www.siso.edu.cn/,"0512-62933888,0512-62932251,0512-62932092",87,,,,
安徽,六安市,金安区,皖西卫生职业学院,1958,安徽省,0,0,0,0,883,医药类,专科（高职）,公办,wwx2010xsc@163.com,安徽省六安市皋城中路406号,https://www.wahvc.edu.cn,"0564-3380111,0564-3166113",22,,,,
安徽,合肥市,包河区,安徽汽车职业技术学院,1985,安徽省,0,0,0,0,328,理工类,专科（高职）,公办,ahqcxy@163.com,安徽省合肥市经济技术开发区紫云路99号,http://www.jacedu.cn/,"0551-62298688,0551-62298668",4,,,,
安徽,安庆市,桐城市,桐城师范高等专科学校,1904,安徽省,0,0,0,0,1000,师范类,专科（高职）,公办,bgs@tctc.edu.cn,安徽省桐城市龙眠西路94号,http://www.tctc.edu.cn,"0556-6123028,0556-6121372",23,,,,
浙江,杭州市,上城区,浙江外国语学院,1955,浙江省,0,0,0,0,556,语言类,普通本科,公办,zsjy@zjei.net,杭州市小和山高教园区留和路299号,http://www.zisu.edu.cn/,"0571-88213107,0571-88219311",87,,,,
安徽,合肥市,肥西县,安徽外国语学院,2002,安徽省教育厅,0,0,0,0,750,语言类,普通本科,民办,schoolmaster@aflc.com.cn,安徽省合肥市繁华大道（西）2号,http://www.aflu.edu.cn,"0551-68589666,0551-68589555",46,,,,
浙江,宁波市,江北区,宁波幼儿师范高等专科学校,1983,浙江省,0,0,0,0,518,师范类,专科（高职）,公办,njyzsb@126.com,"杭州湾校区：宁波市杭州湾新区金溪西路129号,宁波校区：宁波市江北区环城北路西段625号",http://www.nbei.net,"0574-87212325,0574-87200222,0574-87203028,0574-87200217,0574-87203011",17,,,,
安徽,芜湖市,弋江区,安徽扬子职业技术学院,2011,安徽省教育厅,0,0,0,0,800,理工类,专科（高职）,民办,yzxyzhaoshengban@126.com,安徽省芜湖市三山区浮山路68号,,"0553-3918928,0553-3918791",1,,,,
上海,上海市,徐汇区,上海民航职业技术学院,2012,交通运输部,0,0,0,0,680,综合类,专科（高职）,公办,scaczb@163.com,上海市徐汇区龙华西路1号,http://www.shcac.edu.cn/,021-34693230,40,,,,
安徽,合肥市,包河区,安徽经济管理干部学院,1983,安徽省教育厅,0,0,0,0,530,财经类,专科（高职）,公办,zhaosheng@ahsa.edu.cn,安徽省合肥市望江东路115号,http://www.ahsa.edu.cn/,0551-63415915,1,,,,
安徽,池州市,贵池区,安徽卫生健康职业学院,1926,安徽省,0,0,0,0,521,综合类,专科（高职）,公办,,安徽省池州市教育园区通港路9号,http://www.ahwsjkxy.edu.cn/,"0566-2125717,0566-2121570",13,,,,
安徽,安庆市,宜秀区,安徽黄梅戏艺术职业学院,1958,安徽省,0,0,0,0,201,艺术类,专科（高职）,公办,,安徽省安庆市宜秀区北部新城学院路8号（北部新城）,http://www.ahmxx.cn,"0556-5512811,0556-5512152",9,,,,
上海,上海市,浦东新区,上海纽约大学,2011,上海市教委,0,5,8,0,18,综合类,普通本科,中外合作办学,,上海市浦东新区世纪大道1555号,https://shanghai.nyu.edu/cn,021-20595599,9,,,,
安徽,合肥市,瑶海区,安徽粮食工程职业学院,1964,安徽省,0,0,0,0,340,理工类,专科（高职）,公办,ah5425666@163.com,安徽省合肥市高教基地学林路2号,http://www.ahly.edu.cn/,"0551-65425666,0551-65425688",36,,,,
浙江,绍兴市,柯桥区,浙江农业商贸职业学院,1979,浙江省,0,0,0,0,410,农林类,专科（高职）,公办,,浙江省绍兴市袍江经济技术开发区世纪东街770号,http://www.znszy.com/,0575-88068177,74,,,,
安徽,合肥市,蜀山区,中国政法大学司法考试学院,2000,中国政法大学,0,0,0,0,0,政法类,普通本科,公办,fdsk2013@126.com,北京市昌平区府学路27号,http://www.fdpx.com,"010-58908130,31,18611002036",0,,,,
安徽,合肥市,瑶海区,合肥科技职业学院,1987,安徽省教育厅,0,0,0,0,400,理工类,专科（高职）,民办,,安徽省合肥市紫蓬山森林大道,http://www.hfstu.cn,"0551-62756999,0551-62756988",15,,,,
江苏,徐州市,鼓楼区,徐州幼儿师范高等专科学校,1984,江苏省,0,0,0,0,428,师范类,专科（高职）,公办,xzyzzsb@163.com,中国徐州经济技术开发区桃园路6号,http://www.xzyz.edu.cn,0516-80806099,49,,,,
江苏,徐州市,泉山区,徐州生物工程职业技术学院,1956,江苏省,0,0,0,0,1000,理工类,专科（高职）,公办,xzswxb@163.com,江苏省徐州市泉山区三环西路297号,http://www.xzsw.net/,"0516-83628123,0516-83628122",136,,,,
江苏,南通市,崇川区,江苏商贸职业学院,1956,江苏省,0,0,0,0,502,综合类,专科（高职）,公办,ntsyzsjyc@126.com,江苏省南通市江通路48号,http://www.ntgx.edu.cn/,"0513-85679269,0513-85679277",187,,,,
江苏,泰州市,海陵区,泰州学院,1941,江苏省,0,0,0,0,1046,综合类,普通本科,公办,jjxu@tztvu.com.cn,江苏省泰州市济川东路93号,http://www.tzu.edu.cn/,"0523-86664242,0523-80769090",69,,,,
江苏,南京市,鼓楼区,江苏第二师范学院,1952,江苏省,0,0,0,0,781,师范类,普通本科,公办,jssnuzs@jssnu.edu.cn,"草场门校区地址：南京市鼓楼区北京西路77号,浦口校区地址：南京市浦口区沿江街道浦洲路3号",http://www.jssnu.edu.cn/,025-83758148,89,,,,
安徽,合肥市,瑶海区,合肥幼儿师范高等专科学校,1980,安徽省,0,0,0,0,427,师范类,专科（高职）,公办,,合肥市新站高新区学林路1100号,https://www.hfpec.edu.cn/,"0551-62520127,0551-62520128",24,,,,
江苏,苏州市,苏州工业园区,中国人民大学（苏州校区）,2012,中国人民大学,0,0,0,0,0,综合类,普通本科,中外合作办学,,江苏省苏州工业园区仁爱路158号,http://sc.ruc.edu.cn/,0512-62605218 62605262,2,,,是,
上海,上海市,浦东新区,上海科技大学,2013,上海市 中国科学院,0,4,1,0,900,理工类,普通本科,公办,admission@shanghaitech.edu.cn,上海市浦东新区华夏中路393号;岳阳路校区地址为上海市徐汇区岳阳路319号8号楼,http://www.shanghaitech.edu.cn/,400-920-9393,38,,,是,
江苏,南京市,溧水区,南京城市职业学院,2012,江苏省,0,0,0,0,165,综合类,专科（高职）,公办,wlzx@ncc.com.cn,江苏省南京市溧水区高山路1号,https://www.ncc.edu.cn/,"025-82212198,025-82212209,025-82212183",98,,,,
安徽,宣城市,宣州区,合肥工业大学宣城校区,2011,,0,0,0,0,3135,综合类,普通本科,公办,,安徽省宣城市宣州区薰化路301号,http://xc.hfut.edu.cn/,,5,,是,是,
上海,上海市,浦东新区,上海健康医学院,1950,上海市,0,0,0,0,1000,医药类,普通本科,公办,jiankangzjb@126.com,上海市浦东新区周祝公路279号,https://www.sumhs.edu.cn/,021-65881635,217,,,,
安徽,宿州市,埇桥区,皖北卫生职业学院,1949,安徽省,0,0,0,0,740,医药类,专科（高职）,公办,wbwsxy@126.com,宿州市东二铺大学园区皖北卫生职业学院,http://www.wbwsxy.com/,"0557-3095368,0557-3095125",20,,,,
浙江,杭州市,西湖区,浙江特殊教育职业学院,1993,浙江省,0,0,0,0,177,其他,专科（高职）,公办,yuanzhang@zjtjxy.net,杭州市西湖区留和路527号,http://www.zcse.edu.cn/,0571-86458581,24,,,,
江苏,连云港市,海州区,江苏财会职业学院,1964,江苏省,0,0,0,0,576,财经类,专科（高职）,公办,jsckzsb@163.com,江苏省连云港市海州区春晖路8号,http://www.jscfa.edu.cn,"0518-85899773,0518-85471566",55,,,,
江苏,南通市,港闸区,南通师范高等专科学校,1902,江苏省,0,0,0,0,574,师范类,专科（高职）,公办,yhs8339@163.com,南通市经济技术开发区育贤路2号,http://www.ntnc.edu.cn,"0513-55092010,0513-55092012",72,,,,
浙江,温州市,龙湾区,温州肯恩大学,2014,浙江省教育厅,0,8,3,0,3000,综合类,普通本科,中外合作办学,admission@wku.edu.cn,浙江省温州市瓯海区丽岙街道大学路88号,http://www.wku.edu.cn,"0577-55870111,0577-55870099",4,,,,
安徽,合肥市,蜀山区,安徽公安职业学院,1958,安徽省,0,0,0,0,165,政法类,专科（高职）,公办,,合肥市高新区望江西路559号,http://www.ahgaxy.com.cn,"0551-65382188,0551-65380150",7,,,,
安徽,阜阳市,颍州区,阜阳幼儿师范高等专科学校,1950,安徽省,0,0,0,0,1313,师范类,专科（高职）,公办,1057586090@qq.com,安徽省阜阳市清河西路259号,http://fypec.edu.cn,"0558-2560336,0558-2563391",63,,,,
江苏,淮安市,清江浦区,江苏护理职业学院,1915,江苏省,0,0,0,0,500,医药类,专科（高职）,公办,hlxyzjc@163.com,江苏省淮安市科技大道9号,http://www.jscn.edu.cn/,"0517-80329960,0517-80329959",65,,,,
浙江,杭州市,西湖区,浙江音乐学院,2016,浙江省,0,0,0,0,602,艺术类,普通本科,公办,zs@zjcm.edu.cn,浙江省杭州市西湖区转塘街道浙音路1号,http://www.zjcm.edu.cn/,0571-89808080,138,,,,
上海,上海市,浦东新区,上海公安学院,1949,上海市,0,0,0,0,721,政法类,普通本科,公办,,浦东新区崇景路100号,https://www.shpc.edu.cn/gaxy/,021-28957159,58,,,,
江苏,苏州市,昆山市,昆山杜克大学,2012,江苏省教育厅,0,0,0,0,1214,综合类,普通本科,中外合作办学,undergrad-admissions@dukekunshan.edu.cn,江苏省昆山市杜克大道8号,https://dukekunshan.edu.cn/zh,0512-36657028,9,,,,
江苏,徐州市,云龙区,江苏安全技术职业学院,1978,江苏省,0,0,0,0,538,理工类,专科（高职）,公办,jsaq1234@163.com,"云龙校区：徐州市云龙区铜山路381号,贾汪校区：徐州市贾汪区大学路1号",http://www.jscst.edu.cn/,"0516-87815025,0516-87815027",95,,,,
江苏,镇江市,京口区,江苏航空职业技术学院,2016,江苏省,0,0,0,0,700,理工类,专科（高职）,公办,,江苏镇江新区瑞城路88号,http://www.jatc.edu.cn/index.html,"0511-80853810,0511-80821600",67,,,,
江苏,南京市,栖霞区,南京审计大学金审学院,2002,江苏省教育厅,0,0,0,0,517,财经类,普通本科,民办,jsxyzsb@163.com,江苏省南京市仙林大学城仙林大道100号,http://www.naujsc.edu.cn/,"025-85780042,025-85780043",159,,,,
江苏,苏州市,相城区,苏州幼儿师范高等专科学校,1976,江苏省,0,0,0,0,370,师范类,专科（高职）,公办,szyszjb@sina.com,中国苏州相城区华元路2号,http://www.szys.net,"0512-69395355,0512-69395356",30,,,,
江苏,扬州市,邗江区,江苏旅游职业学院,1959,江苏省,0,0,0,0,845,其他,专科（高职）,公办,113617790@qq.com,江苏省扬州市毓秀路88号,http://www.jstc.edu.cn/,"0514-87431880,0514-87431888",140,,,,
浙江,温州市,瓯海区,浙江安防职业技术学院,2013,浙江省,0,0,0,0,1000,其他,专科（高职）,公办,zjafzsb@163.com,浙江省温州市瓯海区瓯海大道2555号,http://www.zjist.cn/,"0577-85108000,0577-85108035",87,,,,
浙江,舟山市,普陀区,浙江舟山群岛新区旅游与健康职业学院,2015,浙江省,0,0,0,0,250,其他,专科（高职）,公办,zslyxyzs@163.com,浙江省舟山市普陀区朱家尖街道学院路99号,http://www.zsthc.com/,"0580-6660000,0580-3660934",16,,,,
江苏,盐城市,盐都区,盐城幼儿师范高等专科学校,1920,江苏省,0,0,0,0,1000,师范类,专科（高职）,公办,543913228@qq.com,"江苏省盐城市高职园区学海路28号（南校）,江苏省盐城市高职园区海洋路28号（北校）",http://www.yyz.edu.cn/,"0515-88576686,0515-89966222",108,,,,
浙江,杭州市,拱墅区,浙江电力职业技术学院,1979,浙江电力公司,0,0,0,0,111,其他,专科（高职）,公办,,浙江省杭州市拱宸桥舟山东路91号,,,0,,,,
江苏,扬州市,广陵区,扬州中瑞酒店职业学院,2013,江苏省教育厅,0,0,0,0,0,财经类,专科（高职）,民办,,江苏省扬州市邗江区站南路500号,http://www.yhiedu.cn/,"0514-85583000,0514-87699099",7,,,,
江苏,常州市,钟楼区,江苏城乡建设职业学院,1986,江苏省,0,0,0,0,813,理工类,专科（高职）,公办,scjx@263.net,江苏省常州市殷村职教园和裕路1号,http://www.js-cj.com/,"0519-69872133,0519-69872118,400-160-0136",134,,,,
上海,上海市,徐汇区,复旦大学上海医学院,1927,,0,0,0,0,0,医药类,普通本科,公办,,上海市医学院路138号,http://shmc.fudan.edu.cn/,021-54237900,28,是,是,,
浙江,杭州市,西湖区,西湖大学,2018,浙江省教育厅,0,0,0,0,0,理工类,普通本科,民办,office@westlake.edu.cn,浙江省杭州市西湖区石龙山街18号,https://www.westlake.edu.cn/,,5,,,,
安徽,合肥市,瑶海区,安徽艺术学院,2013,安徽省教育厅,0,0,0,0,556,艺术类,普通本科,公办,ahysxyxxgk@ahua.edu.cn,安徽省合肥市新站区前岭路与淮海大道交口东北,http://www.ahua.edu.cn/,0551-64400109,33,,,,
江苏,连云港市,海州区,江苏海洋大学,1985,江苏省,0,6,0,0,0,理工类,普通本科,公办,,江苏省连云港市海州区苍梧路59号,https://www.jou.edu.cn/,"0518-80307598,0518-85895132,0518-85895139",156,,,,
浙江,湖州市,安吉县,浙江宇翔职业技术学院,2002,浙江湖州上墅教育集团,0,0,0,0,500,综合类,专科（高职）,民办,,浙江省湖州市安吉县灵峰南路438号,http://www.yxwy.org/,0572-5018111,8,,,,
安徽,黄山市,休宁县,黄山健康职业学院,2020,,0,0,0,0,300,医药类,专科（高职）,民办,,安徽省黄山市滨江东路55号,https://www.hsvch.cn/,"0559-7711111,0559-2177777,0559-7855888",0,,,,
